date,h-l_1,c-o_1,h-cp_1,l-cp_1,diff_ema_1,diff_volume_1,cci_1,rsi_1,macd_1,kdjk_1,kdjd_1,wr_1,trend_1,h-l_2,c-o_2,h-cp_2,l-cp_2,diff_ema_2,diff_volume_2,cci_2,rsi_2,macd_2,kdjk_2,kdjd_2,wr_2,trend_2,h-l_3,c-o_3,h-cp_3,l-cp_3,diff_ema_3,diff_volume_3,cci_3,rsi_3,macd_3,kdjk_3,kdjd_3,wr_3,trend_3,h-l_4,c-o_4,h-cp_4,l-cp_4,diff_ema_4,diff_volume_4,cci_4,rsi_4,macd_4,kdjk_4,kdjd_4,wr_4,trend_4,target
1993-01-01,,,,,,,,,,,,,,,,,,,,,,,,,,,,,,,,,,,,,,,,,,,,,,,,,,,,,1.0
1993-02-01,0.22,0.22,,,-0.0,,,,0.0,61.9,53.97,14.29,1.0,,,,,,,,,,,,,,,,,,,,,,,,,,,,,,,,,,,,,,,,1.0
1993-03-01,2.31,1.16,1.19,-1.12,0.22,4.4,66.67,100.0,0.01,64.24,57.39,31.08,1.0,0.22,0.22,,,-0.0,,,,0.0,61.9,53.97,14.29,1.0,,,,,,,,,,,,,,,,,,,,,,,,,,,-1.0
1993-04-01,1.62,0.34,1.44,-0.19,0.61,-0.44,100.0,100.0,0.04,68.95,61.24,21.65,-1.0,2.31,1.16,1.19,-1.12,0.22,4.4,66.67,100.0,0.01,64.24,57.39,31.08,1.0,0.22,0.22,,,-0.0,,,,0.0,61.9,53.97,14.29,1.0,,,,,,,,,,,,,,1.0
1993-05-01,1.97,1.97,0.06,-1.91,-0.38,-0.11,-22.68,45.79,0.01,59.37,60.62,59.79,1.0,1.62,0.34,1.44,-0.19,0.61,-0.44,100.0,100.0,0.04,68.95,61.24,21.65,-1.0,2.31,1.16,1.19,-1.12,0.22,4.4,66.67,100.0,0.01,64.24,57.39,31.08,1.0,0.22,0.22,,,-0.0,,,,0.0,61.9,53.97,14.29,1.0,1.0
1993-06-01,1.81,0.25,1.62,-0.19,0.59,-0.33,70.14,67.5,0.04,66.04,62.42,20.62,1.0,1.97,1.97,0.06,-1.91,-0.38,-0.11,-22.68,45.79,0.01,59.37,60.62,59.79,1.0,1.62,0.34,1.44,-0.19,0.61,-0.44,100.0,100.0,0.04,68.95,61.24,21.65,-1.0,2.31,1.16,1.19,-1.12,0.22,4.4,66.67,100.0,0.01,64.24,57.39,31.08,1.0,1.0
1993-07-01,1.59,1.16,0.59,-1.0,0.33,0.9,70.1,63.49,0.05,68.77,64.54,25.77,1.0,1.81,0.25,1.62,-0.19,0.59,-0.33,70.14,67.5,0.04,66.04,62.42,20.62,1.0,1.97,1.97,0.06,-1.91,-0.38,-0.11,-22.68,45.79,0.01,59.37,60.62,59.79,1.0,1.62,0.34,1.44,-0.19,0.61,-0.44,100.0,100.0,0.04,68.95,61.24,21.65,-1.0,1.0
1993-08-01,1.06,0.97,0.16,-0.91,0.08,0.78,27.23,57.72,0.05,68.18,65.75,32.99,1.0,1.59,1.16,0.59,-1.0,0.33,0.9,70.1,63.49,0.05,68.77,64.54,25.77,1.0,1.81,0.25,1.62,-0.19,0.59,-0.33,70.14,67.5,0.04,66.04,62.42,20.62,1.0,1.97,1.97,0.06,-1.91,-0.38,-0.11,-22.68,45.79,0.01,59.37,60.62,59.79,1.0,1.0
1993-09-01,1.72,0.06,1.72,0.0,1.43,-0.11,162.93,77.23,0.12,78.79,70.1,0.0,1.0,1.06,0.97,0.16,-0.91,0.08,0.78,27.23,57.72,0.05,68.18,65.75,32.99,1.0,1.59,1.16,0.59,-1.0,0.33,0.9,70.1,63.49,0.05,68.77,64.54,25.77,1.0,1.81,0.25,1.62,-0.19,0.59,-0.33,70.14,67.5,0.04,66.04,62.42,20.62,1.0,1.0
1993-10-01,1.78,1.59,0.03,-1.75,0.65,-0.2,110.68,64.28,0.15,80.07,73.42,19.81,1.0,1.72,0.06,1.72,0.0,1.43,-0.11,162.93,77.23,0.12,78.79,70.1,0.0,1.0,1.06,0.97,0.16,-0.91,0.08,0.78,27.23,57.72,0.05,68.18,65.75,32.99,1.0,1.59,1.16,0.59,-1.0,0.33,0.9,70.1,63.49,0.05,68.77,64.54,25.77,1.0,-1.0
1993-11-01,1.44,0.16,1.22,-0.22,1.25,0.6,155.35,72.35,0.21,84.32,77.05,9.43,-1.0,1.78,1.59,0.03,-1.75,0.65,-0.2,110.68,64.28,0.15,80.07,73.42,19.81,1.0,1.72,0.06,1.72,0.0,1.43,-0.11,162.93,77.23,0.12,78.79,70.1,0.0,1.0,1.06,0.97,0.16,-0.91,0.08,0.78,27.23,57.72,0.05,68.18,65.75,32.99,1.0,-1.0
1993-12-01,1.47,1.25,0.16,-1.31,0.61,-0.23,103.66,62.94,0.22,82.56,78.89,27.08,-1.0,1.44,0.16,1.22,-0.22,1.25,0.6,155.35,72.35,0.21,84.32,77.05,9.43,-1.0,1.78,1.59,0.03,-1.75,0.65,-0.2,110.68,64.28,0.15,80.07,73.42,19.81,1.0,1.72,0.06,1.72,0.0,1.43,-0.11,162.93,77.23,0.12,78.79,70.1,0.0,1.0,-1.0
1994-01-01,0.78,0.22,0.81,0.03,0.71,0.15,115.36,65.62,0.24,83.53,80.44,18.75,-1.0,1.47,1.25,0.16,-1.31,0.61,-0.23,103.66,62.94,0.22,82.56,78.89,27.08,-1.0,1.44,0.16,1.22,-0.22,1.25,0.6,155.35,72.35,0.21,84.32,77.05,9.43,-1.0,1.78,1.59,0.03,-1.75,0.65,-0.2,110.68,64.28,0.15,80.07,73.42,19.81,1.0,-1.0
1994-02-01,1.91,0.19,1.72,-0.19,1.93,0.12,151.8,78.03,0.34,88.32,83.06,2.68,-1.0,0.78,0.22,0.81,0.03,0.71,0.15,115.36,65.62,0.24,83.53,80.44,18.75,-1.0,1.47,1.25,0.16,-1.31,0.61,-0.23,103.66,62.94,0.22,82.56,78.89,27.08,-1.0,1.44,0.16,1.22,-0.22,1.25,0.6,155.35,72.35,0.21,84.32,77.05,9.43,-1.0,-1.0
1994-03-01,1.72,1.59,0.06,-1.66,0.43,0.61,107.09,56.76,0.34,80.18,82.1,42.86,-1.0,1.91,0.19,1.72,-0.19,1.93,0.12,151.8,78.03,0.34,88.32,83.06,2.68,-1.0,0.78,0.22,0.81,0.03,0.71,0.15,115.36,65.62,0.24,83.53,80.44,18.75,-1.0,1.47,1.25,0.16,-1.31,0.61,-0.23,103.66,62.94,0.22,82.56,78.89,27.08,-1.0,1.0
1994-04-01,3.78,3.28,0.5,-3.28,-1.49,0.34,-37.82,37.44,0.19,60.86,75.02,77.78,1.0,1.72,1.59,0.06,-1.66,0.43,0.61,107.09,56.76,0.34,80.18,82.1,42.86,-1.0,1.91,0.19,1.72,-0.19,1.93,0.12,151.8,78.03,0.34,88.32,83.06,2.68,-1.0,0.78,0.22,0.81,0.03,0.71,0.15,115.36,65.62,0.24,83.53,80.44,18.75,-1.0,1.0
1994-05-01,2.02,0.0,0.77,-1.25,-0.82,-0.22,-82.65,42.71,0.11,52.32,67.45,64.78,1.0,3.78,3.28,0.5,-3.28,-1.49,0.34,-37.82,37.44,0.19,60.86,75.02,77.78,1.0,1.72,1.59,0.06,-1.66,0.43,0.61,107.09,56.76,0.34,80.18,82.1,42.86,-1.0,1.91,0.19,1.72,-0.19,1.93,0.12,151.8,78.03,0.34,88.32,83.06,2.68,-1.0,1.0
1994-06-01,1.77,0.92,0.84,-0.92,-0.09,-0.25,-31.58,49.98,0.1,51.44,62.12,50.31,1.0,2.02,0.0,0.77,-1.25,-0.82,-0.22,-82.65,42.71,0.11,52.32,67.45,64.78,1.0,3.78,3.28,0.5,-3.28,-1.49,0.34,-37.82,37.44,0.19,60.86,75.02,77.78,1.0,1.72,1.59,0.06,-1.66,0.43,0.61,107.09,56.76,0.34,80.18,82.1,42.86,-1.0,1.0
1994-07-01,2.56,1.7,0.75,-1.81,-1.2,0.21,-62.78,38.9,-0.0,41.84,55.36,77.36,1.0,1.77,0.92,0.84,-0.92,-0.09,-0.25,-31.58,49.98,0.1,51.44,62.12,50.31,1.0,2.02,0.0,0.77,-1.25,-0.82,-0.22,-82.65,42.71,0.11,52.32,67.45,64.78,1.0,3.78,3.28,0.5,-3.28,-1.49,0.34,-37.82,37.44,0.19,60.86,75.02,77.78,1.0,-1.0
1994-08-01,1.67,0.31,1.58,-0.09,0.2,-0.47,-32.01,52.44,0.01,45.08,51.93,48.1,-1.0,2.56,1.7,0.75,-1.81,-1.2,0.21,-62.78,38.9,-0.0,41.84,55.36,77.36,1.0,1.77,0.92,0.84,-0.92,-0.09,-0.25,-31.58,49.98,0.1,51.44,62.12,50.31,1.0,2.02,0.0,0.77,-1.25,-0.82,-0.22,-82.65,42.71,0.11,52.32,67.45,64.78,1.0,-1.0
1994-09-01,2.33,0.28,2.08,-0.25,1.64,0.46,91.79,64.07,0.14,58.99,54.28,7.07,-1.0,1.67,0.31,1.58,-0.09,0.2,-0.47,-32.01,52.44,0.01,45.08,51.93,48.1,-1.0,2.56,1.7,0.75,-1.81,-1.2,0.21,-62.78,38.9,-0.0,41.84,55.36,77.36,1.0,1.77,0.92,0.84,-0.92,-0.09,-0.25,-31.58,49.98,0.1,51.44,62.12,50.31,1.0,1.0
1994-10-01,1.98,1.77,0.06,-1.92,0.13,-0.21,38.44,51.3,0.14,58.3,55.62,39.06,1.0,2.33,0.28,2.08,-0.25,1.64,0.46,91.79,64.07,0.14,58.99,54.28,7.07,-1.0,1.67,0.31,1.58,-0.09,0.2,-0.47,-32.01,52.44,0.01,45.08,51.93,48.1,-1.0,2.56,1.7,0.75,-1.81,-1.2,0.21,-62.78,38.9,-0.0,41.84,55.36,77.36,1.0,1.0
1994-11-01,2.7,1.2,1.53,-1.17,1.21,-0.14,48.21,59.8,0.22,66.82,59.35,12.55,1.0,1.98,1.77,0.06,-1.92,0.13,-0.21,38.44,51.3,0.14,58.3,55.62,39.06,1.0,2.33,0.28,2.08,-0.25,1.64,0.46,91.79,64.07,0.14,58.99,54.28,7.07,-1.0,1.67,0.31,1.58,-0.09,0.2,-0.47,-32.01,52.44,0.01,45.08,51.93,48.1,-1.0,1.0
1994-12-01,2.72,2.67,-0.16,-2.88,-0.57,-0.12,-25.97,45.94,0.15,60.71,59.81,60.0,1.0,2.7,1.2,1.53,-1.17,1.21,-0.14,48.21,59.8,0.22,66.82,59.35,12.55,1.0,1.98,1.77,0.06,-1.92,0.13,-0.21,38.44,51.3,0.14,58.3,55.62,39.06,1.0,2.33,0.28,2.08,-0.25,1.64,0.46,91.79,64.07,0.14,58.99,54.28,7.07,-1.0,1.0
1995-01-01,1.72,0.95,0.81,-0.91,-0.51,0.78,-43.57,45.73,0.1,56.41,58.67,67.1,1.0,2.72,2.67,-0.16,-2.88,-0.57,-0.12,-25.97,45.94,0.15,60.71,59.81,60.0,1.0,2.7,1.2,1.53,-1.17,1.21,-0.14,48.21,59.8,0.22,66.82,59.35,12.55,1.0,1.98,1.77,0.06,-1.92,0.13,-0.21,38.44,51.3,0.14,58.3,55.62,39.06,1.0,1.0
1995-02-01,1.55,0.02,1.67,0.12,0.86,-0.68,44.91,57.24,0.16,63.49,60.28,26.39,1.0,1.72,0.95,0.81,-0.91,-0.51,0.78,-43.57,45.73,0.1,56.41,58.67,67.1,1.0,2.72,2.67,-0.16,-2.88,-0.57,-0.12,-25.97,45.94,0.15,60.71,59.81,60.0,1.0,2.7,1.2,1.53,-1.17,1.21,-0.14,48.21,59.8,0.22,66.82,59.35,12.55,1.0,1.0
1995-03-01,2.16,0.16,2.06,-0.09,2.36,1.15,150.65,67.59,0.34,74.75,65.1,3.09,1.0,1.55,0.02,1.67,0.12,0.86,-0.68,44.91,57.24,0.16,63.49,60.28,26.39,1.0,1.72,0.95,0.81,-0.91,-0.51,0.78,-43.57,45.73,0.1,56.41,58.67,67.1,1.0,2.72,2.67,-0.16,-2.88,-0.57,-0.12,-25.97,45.94,0.15,60.71,59.81,60.0,1.0,1.0
1995-04-01,2.67,0.75,1.88,-0.8,2.91,-0.24,202.56,72.18,0.56,79.17,69.79,12.44,1.0,2.16,0.16,2.06,-0.09,2.36,1.15,150.65,67.59,0.34,74.75,65.1,3.09,1.0,1.55,0.02,1.67,0.12,0.86,-0.68,44.91,57.24,0.16,63.49,60.28,26.39,1.0,1.72,0.95,0.81,-0.91,-0.51,0.78,-43.57,45.73,0.1,56.41,58.67,67.1,1.0,1.0
1995-05-01,1.61,0.03,1.56,-0.05,3.71,-0.03,211.98,77.4,0.83,85.74,75.11,1.11,1.0,2.67,0.75,1.88,-0.8,2.91,-0.24,202.56,72.18,0.56,79.17,69.79,12.44,1.0,2.16,0.16,2.06,-0.09,2.36,1.15,150.65,67.59,0.34,74.75,65.1,3.09,1.0,1.55,0.02,1.67,0.12,0.86,-0.68,44.91,57.24,0.16,63.49,60.28,26.39,1.0,1.0
1995-06-01,2.25,0.16,2.05,-0.2,4.87,0.59,199.44,82.76,1.17,90.5,80.24,0.0,1.0,1.61,0.03,1.56,-0.05,3.71,-0.03,211.98,77.4,0.83,85.74,75.11,1.11,1.0,2.67,0.75,1.88,-0.8,2.91,-0.24,202.56,72.18,0.56,79.17,69.79,12.44,1.0,2.16,0.16,2.06,-0.09,2.36,1.15,150.65,67.59,0.34,74.75,65.1,3.09,1.0,1.0
1995-07-01,2.41,0.66,1.52,-0.89,4.76,-0.17,172.73,84.42,1.49,91.29,83.92,7.92,1.0,2.25,0.16,2.05,-0.2,4.87,0.59,199.44,82.76,1.17,90.5,80.24,0.0,1.0,1.61,0.03,1.56,-0.05,3.71,-0.03,211.98,77.4,0.83,85.74,75.11,1.11,1.0,2.67,0.75,1.88,-0.8,2.91,-0.24,202.56,72.18,0.56,79.17,69.79,12.44,1.0,1.0
1995-08-01,2.5,0.27,2.3,-0.2,5.51,-0.05,161.59,87.67,1.84,92.69,86.85,5.64,1.0,2.41,0.66,1.52,-0.89,4.76,-0.17,172.73,84.42,1.49,91.29,83.92,7.92,1.0,2.25,0.16,2.05,-0.2,4.87,0.59,199.44,82.76,1.17,90.5,80.24,0.0,1.0,1.61,0.03,1.56,-0.05,3.71,-0.03,211.98,77.4,0.83,85.74,75.11,1.11,1.0,1.0
1995-09-01,1.38,0.81,0.64,-0.73,4.87,0.47,136.57,88.09,2.11,94.05,89.25,4.55,1.0,2.5,0.27,2.3,-0.2,5.51,-0.05,161.59,87.67,1.84,92.69,86.85,5.64,1.0,2.41,0.66,1.52,-0.89,4.76,-0.17,172.73,84.42,1.49,91.29,83.92,7.92,1.0,2.25,0.16,2.05,-0.2,4.87,0.59,199.44,82.76,1.17,90.5,80.24,0.0,1.0,1.0
1995-10-01,2.56,0.05,2.5,-0.06,5.86,-0.08,136.3,91.14,2.46,94.97,91.15,4.77,1.0,1.38,0.81,0.64,-0.73,4.87,0.47,136.57,88.09,2.11,94.05,89.25,4.55,1.0,2.5,0.27,2.3,-0.2,5.51,-0.05,161.59,87.67,1.84,92.69,86.85,5.64,1.0,2.41,0.66,1.52,-0.89,4.76,-0.17,172.73,84.42,1.49,91.29,83.92,7.92,1.0,1.0
1995-11-01,1.92,1.22,0.7,-1.22,4.82,0.2,117.48,88.88,2.69,94.25,92.19,11.22,1.0,2.56,0.05,2.5,-0.06,5.86,-0.08,136.3,91.14,2.46,94.97,91.15,4.77,1.0,1.38,0.81,0.64,-0.73,4.87,0.47,136.57,88.09,2.11,94.05,89.25,4.55,1.0,2.5,0.27,2.3,-0.2,5.51,-0.05,161.59,87.67,1.84,92.69,86.85,5.64,1.0,1.0
1995-12-01,2.97,0.05,2.89,-0.08,6.27,-0.01,122.56,92.33,3.03,95.41,93.26,3.51,1.0,1.92,1.22,0.7,-1.22,4.82,0.2,117.48,88.88,2.69,94.25,92.19,11.22,1.0,2.56,0.05,2.5,-0.06,5.86,-0.08,136.3,91.14,2.46,94.97,91.15,4.77,1.0,1.38,0.81,0.64,-0.73,4.87,0.47,136.57,88.09,2.11,94.05,89.25,4.55,1.0,1.0
1996-01-01,2.22,0.41,1.89,-0.33,5.79,0.11,124.09,92.92,3.3,93.5,93.34,15.27,1.0,2.97,0.05,2.89,-0.08,6.27,-0.01,122.56,92.33,3.03,95.41,93.26,3.51,1.0,1.92,1.22,0.7,-1.22,4.82,0.2,117.48,88.88,2.69,94.25,92.19,11.22,1.0,2.56,0.05,2.5,-0.06,5.86,-0.08,136.3,91.14,2.46,94.97,91.15,4.77,1.0,1.0
1996-02-01,4.05,1.77,2.2,-1.84,6.75,0.09,117.35,94.74,3.65,95.63,94.1,0.19,1.0,2.22,0.41,1.89,-0.33,5.79,0.11,124.09,92.92,3.3,93.5,93.34,15.27,1.0,2.97,0.05,2.89,-0.08,6.27,-0.01,122.56,92.33,3.03,95.41,93.26,3.51,1.0,1.92,1.22,0.7,-1.22,4.82,0.2,117.48,88.88,2.69,94.25,92.19,11.22,1.0,1.0
1996-03-01,3.25,0.17,3.02,-0.23,5.88,0.39,133.97,94.89,3.89,90.36,92.85,27.19,1.0,4.05,1.77,2.2,-1.84,6.75,0.09,117.35,94.74,3.65,95.63,94.1,0.19,1.0,2.22,0.41,1.89,-0.33,5.79,0.11,124.09,92.92,3.3,93.5,93.34,15.27,1.0,2.97,0.05,2.89,-0.08,6.27,-0.01,122.56,92.33,3.03,95.41,93.26,3.51,1.0,-1.0
1996-04-01,3.97,2.64,2.09,-1.88,5.66,0.28,111.29,95.49,4.09,88.23,91.31,21.23,-1.0,3.25,0.17,3.02,-0.23,5.88,0.39,133.97,94.89,3.89,90.36,92.85,27.19,1.0,4.05,1.77,2.2,-1.84,6.75,0.09,117.35,94.74,3.65,95.63,94.1,0.19,1.0,2.22,0.41,1.89,-0.33,5.79,0.11,124.09,92.92,3.3,93.5,93.34,15.27,1.0,-1.0
1996-05-01,3.69,2.88,1.12,-2.56,5.38,-0.21,102.18,95.99,4.26,88.32,90.31,15.34,-1.0,3.97,2.64,2.09,-1.88,5.66,0.28,111.29,95.49,4.09,88.23,91.31,21.23,-1.0,3.25,0.17,3.02,-0.23,5.88,0.39,133.97,94.89,3.89,90.36,92.85,27.19,1.0,4.05,1.77,2.2,-1.84,6.75,0.09,117.35,94.74,3.65,95.63,94.1,0.19,1.0,1.0
1996-06-01,5.36,2.3,3.05,-2.31,5.81,0.16,111.73,96.86,4.46,87.9,89.51,17.76,1.0,3.69,2.88,1.12,-2.56,5.38,-0.21,102.18,95.99,4.26,88.32,90.31,15.34,-1.0,3.97,2.64,2.09,-1.88,5.66,0.28,111.29,95.49,4.09,88.23,91.31,21.23,-1.0,3.25,0.17,3.02,-0.23,5.88,0.39,133.97,94.89,3.89,90.36,92.85,27.19,1.0,1.0
1996-07-01,2.34,0.73,1.62,-0.72,5.11,-0.03,115.01,96.98,4.58,87.81,88.94,15.7,1.0,5.36,2.3,3.05,-2.31,5.81,0.16,111.73,96.86,4.46,87.9,89.51,17.76,1.0,3.69,2.88,1.12,-2.56,5.38,-0.21,102.18,95.99,4.26,88.32,90.31,15.34,-1.0,3.97,2.64,2.09,-1.88,5.66,0.28,111.29,95.49,4.09,88.23,91.31,21.23,-1.0,1.0
1996-08-01,7.33,6.91,0.59,-6.73,1.77,0.71,53.05,60.25,4.39,77.57,85.15,54.23,1.0,2.34,0.73,1.62,-0.72,5.11,-0.03,115.01,96.98,4.58,87.81,88.94,15.7,1.0,5.36,2.3,3.05,-2.31,5.81,0.16,111.73,96.86,4.46,87.9,89.51,17.76,1.0,3.69,2.88,1.12,-2.56,5.38,-0.21,102.18,95.99,4.26,88.32,90.31,15.34,-1.0,1.0
1996-09-01,3.28,0.09,3.25,-0.03,2.55,-0.46,73.8,66.49,4.29,73.11,81.14,39.04,1.0,7.33,6.91,0.59,-6.73,1.77,0.71,53.05,60.25,4.39,77.57,85.15,54.23,1.0,2.34,0.73,1.62,-0.72,5.11,-0.03,115.01,96.98,4.58,87.81,88.94,15.7,1.0,5.36,2.3,3.05,-2.31,5.81,0.16,111.73,96.86,4.46,87.9,89.51,17.76,1.0,1.0
1996-10-01,4.88,0.09,3.92,-0.95,4.94,0.1,102.01,77.7,4.41,79.91,80.73,7.04,1.0,3.28,0.09,3.25,-0.03,2.55,-0.46,73.8,66.49,4.29,73.11,81.14,39.04,1.0,7.33,6.91,0.59,-6.73,1.77,0.71,53.05,60.25,4.39,77.57,85.15,54.23,1.0,2.34,0.73,1.62,-0.72,5.11,-0.03,115.01,96.98,4.58,87.81,88.94,15.7,1.0,1.0
1996-11-01,3.19,0.27,3.0,-0.19,6.06,-0.14,156.46,82.44,4.63,84.29,81.91,6.94,1.0,4.88,0.09,3.92,-0.95,4.94,0.1,102.01,77.7,4.41,79.91,80.73,7.04,1.0,3.28,0.09,3.25,-0.03,2.55,-0.46,73.8,66.49,4.29,73.11,81.14,39.04,1.0,7.33,6.91,0.59,-6.73,1.77,0.71,53.05,60.25,4.39,77.57,85.15,54.23,1.0,-1.0
1996-12-01,6.42,0.72,5.84,-0.58,9.51,0.63,209.04,88.99,5.15,88.15,83.99,4.12,-1.0,3.19,0.27,3.0,-0.19,6.06,-0.14,156.46,82.44,4.63,84.29,81.91,6.94,1.0,4.88,0.09,3.92,-0.95,4.94,0.1,102.01,77.7,4.41,79.91,80.73,7.04,1.0,3.28,0.09,3.25,-0.03,2.55,-0.46,73.8,66.49,4.29,73.11,81.14,39.04,1.0,1.0
1997-01-01,4.7,4.05,0.56,-4.14,6.2,0.45,164.32,74.91,5.33,86.29,84.76,17.43,1.0,6.42,0.72,5.84,-0.58,9.51,0.63,209.04,88.99,5.15,88.15,83.99,4.12,-1.0,3.19,0.27,3.0,-0.19,6.06,-0.14,156.46,82.44,4.63,84.29,81.91,6.94,1.0,4.88,0.09,3.92,-0.95,4.94,0.1,102.01,77.7,4.41,79.91,80.73,7.04,1.0,1.0
1997-02-01,6.94,1.62,5.84,-1.09,9.11,0.25,170.57,82.06,5.77,88.65,86.06,8.2,1.0,4.7,4.05,0.56,-4.14,6.2,0.45,164.32,74.91,5.33,86.29,84.76,17.43,1.0,6.42,0.72,5.84,-0.58,9.51,0.63,209.04,88.99,5.15,88.15,83.99,4.12,-1.0,3.19,0.27,3.0,-0.19,6.06,-0.14,156.46,82.44,4.63,84.29,81.91,6.94,1.0,1.0
1997-03-01,4.88,1.59,3.59,-1.28,8.35,-0.31,157.98,83.02,6.1,88.05,86.72,16.13,1.0,6.94,1.62,5.84,-1.09,9.11,0.25,170.57,82.06,5.77,88.65,86.06,8.2,1.0,4.7,4.05,0.56,-4.14,6.2,0.45,164.32,74.91,5.33,86.29,84.76,17.43,1.0,6.42,0.72,5.84,-0.58,9.51,0.63,209.04,88.99,5.15,88.15,83.99,4.12,-1.0,1.0
1997-04-01,6.55,3.5,2.64,-3.91,3.86,0.25,105.73,62.79,6.0,81.82,85.09,48.85,1.0,4.88,1.59,3.59,-1.28,8.35,-0.31,157.98,83.02,6.1,88.05,86.72,16.13,1.0,6.94,1.62,5.84,-1.09,9.11,0.25,170.57,82.06,5.77,88.65,86.06,8.2,1.0,4.7,4.05,0.56,-4.14,6.2,0.45,164.32,74.91,5.33,86.29,84.76,17.43,1.0,1.0
1997-05-01,7.38,1.94,5.31,-2.06,7.25,0.54,94.75,72.74,6.22,84.34,84.84,16.25,1.0,6.55,3.5,2.64,-3.91,3.86,0.25,105.73,62.79,6.0,81.82,85.09,48.85,1.0,4.88,1.59,3.59,-1.28,8.35,-0.31,157.98,83.02,6.1,88.05,86.72,16.13,1.0,6.94,1.62,5.84,-1.09,9.11,0.25,170.57,82.06,5.77,88.65,86.06,8.2,1.0,1.0
1997-06-01,6.25,0.91,5.47,-0.78,10.43,-0.35,134.23,79.72,6.72,88.92,86.2,2.97,1.0,7.38,1.94,5.31,-2.06,7.25,0.54,94.75,72.74,6.22,84.34,84.84,16.25,1.0,6.55,3.5,2.64,-3.91,3.86,0.25,105.73,62.79,6.0,81.82,85.09,48.85,1.0,4.88,1.59,3.59,-1.28,8.35,-0.31,157.98,83.02,6.1,88.05,86.72,16.13,1.0,1.0
1997-07-01,6.42,1.27,5.34,-1.08,11.49,0.26,156.27,82.98,7.28,89.31,87.23,12.32,1.0,6.25,0.91,5.47,-0.78,10.43,-0.35,134.23,79.72,6.72,88.92,86.2,2.97,1.0,7.38,1.94,5.31,-2.06,7.25,0.54,94.75,72.74,6.22,84.34,84.84,16.25,1.0,6.55,3.5,2.64,-3.91,3.86,0.25,105.73,62.79,6.0,81.82,85.09,48.85,1.0,1.0
1997-08-01,7.64,0.11,7.72,0.08,15.64,0.38,176.43,88.08,8.19,91.94,88.8,3.16,1.0,6.42,1.27,5.34,-1.08,11.49,0.26,156.27,82.98,7.28,89.31,87.23,12.32,1.0,6.25,0.91,5.47,-0.78,10.43,-0.35,134.23,79.72,6.72,88.92,86.2,2.97,1.0,7.38,1.94,5.31,-2.06,7.25,0.54,94.75,72.74,6.22,84.34,84.84,16.25,1.0,1.0
1997-09-01,7.28,6.16,1.31,-5.97,9.06,0.52,139.11,70.26,8.42,86.21,87.94,26.81,1.0,7.64,0.11,7.72,0.08,15.64,0.38,176.43,88.08,8.19,91.94,88.8,3.16,1.0,6.42,1.27,5.34,-1.08,11.49,0.26,156.27,82.98,7.28,89.31,87.23,12.32,1.0,6.25,0.91,5.47,-0.78,10.43,-0.35,134.23,79.72,6.72,88.92,86.2,2.97,1.0,1.0
1997-10-01,6.12,0.44,6.0,-0.12,11.06,-0.21,126.06,75.15,8.81,87.67,87.85,9.65,1.0,7.28,6.16,1.31,-5.97,9.06,0.52,139.11,70.26,8.42,86.21,87.94,26.81,1.0,7.64,0.11,7.72,0.08,15.64,0.38,176.43,88.08,8.19,91.94,88.8,3.16,1.0,6.42,1.27,5.34,-1.08,11.49,0.26,156.27,82.98,7.28,89.31,87.23,12.32,1.0,1.0
1997-11-01,14.12,10.88,4.12,-10.0,7.39,0.75,89.8,67.46,8.84,83.26,86.32,33.55,1.0,6.12,0.44,6.0,-0.12,11.06,-0.21,126.06,75.15,8.81,87.67,87.85,9.65,1.0,7.28,6.16,1.31,-5.97,9.06,0.52,139.11,70.26,8.42,86.21,87.94,26.81,1.0,7.64,0.11,7.72,0.08,15.64,0.38,176.43,88.08,8.19,91.94,88.8,3.16,1.0,1.0
1997-12-01,6.72,3.09,4.75,-1.97,9.28,-0.32,96.34,72.63,9.05,85.03,85.89,19.93,1.0,14.12,10.88,4.12,-10.0,7.39,0.75,89.8,67.46,8.84,83.26,86.32,33.55,1.0,6.12,0.44,6.0,-0.12,11.06,-0.21,126.06,75.15,8.81,87.67,87.85,9.65,1.0,7.28,6.16,1.31,-5.97,9.06,0.52,139.11,70.26,8.42,86.21,87.94,26.81,1.0,1.0
1998-01-01,6.62,3.84,3.38,-3.25,9.06,-0.15,97.65,74.59,9.22,87.51,86.43,13.25,1.0,6.72,3.09,4.75,-1.97,9.28,-0.32,96.34,72.63,9.05,85.03,85.89,19.93,1.0,14.12,10.88,4.12,-10.0,7.39,0.75,89.8,67.46,8.84,83.26,86.32,33.55,1.0,6.12,0.44,6.0,-0.12,11.06,-0.21,126.06,75.15,8.81,87.67,87.85,9.65,1.0,1.0
1998-02-01,8.66,6.41,2.5,-6.16,8.72,0.32,87.13,76.36,9.34,89.61,87.49,8.23,1.0,6.62,3.84,3.38,-3.25,9.06,-0.15,97.65,74.59,9.22,87.51,86.43,13.25,1.0,6.72,3.09,4.75,-1.97,9.28,-0.32,96.34,72.63,9.05,85.03,85.89,19.93,1.0,14.12,10.88,4.12,-10.0,7.39,0.75,89.8,67.46,8.84,83.26,86.32,33.55,1.0,1.0
1998-03-01,5.81,0.19,7.22,1.41,13.14,-0.33,136.28,83.74,9.87,92.45,89.14,1.92,1.0,8.66,6.41,2.5,-6.16,8.72,0.32,87.13,76.36,9.34,89.61,87.49,8.23,1.0,6.62,3.84,3.38,-3.25,9.06,-0.15,97.65,74.59,9.22,87.51,86.43,13.25,1.0,6.72,3.09,4.75,-1.97,9.28,-0.32,96.34,72.63,9.05,85.03,85.89,19.93,1.0,1.0
1998-04-01,8.38,2.09,6.41,-1.97,15.2,0.25,162.04,87.15,10.56,93.01,90.43,5.87,1.0,5.81,0.19,7.22,1.41,13.14,-0.33,136.28,83.74,9.87,92.45,89.14,1.92,1.0,8.66,6.41,2.5,-6.16,8.72,0.32,87.13,76.36,9.34,89.61,87.49,8.23,1.0,6.62,3.84,3.38,-3.25,9.06,-0.15,97.65,74.59,9.22,87.51,86.43,13.25,1.0,-1.0
1998-05-01,5.81,2.69,3.5,-2.31,14.04,0.36,164.61,88.02,11.09,92.94,91.27,8.97,-1.0,8.38,2.09,6.41,-1.97,15.2,0.25,162.04,87.15,10.56,93.01,90.43,5.87,1.0,5.81,0.19,7.22,1.41,13.14,-0.33,136.28,83.74,9.87,92.45,89.14,1.92,1.0,8.66,6.41,2.5,-6.16,8.72,0.32,87.13,76.36,9.34,89.61,87.49,8.23,1.0,-1.0
1998-06-01,5.73,4.17,1.97,-3.77,9.93,-0.02,131.02,77.56,11.19,90.24,90.92,19.56,-1.0,5.81,2.69,3.5,-2.31,14.04,0.36,164.61,88.02,11.09,92.94,91.27,8.97,-1.0,8.38,2.09,6.41,-1.97,15.2,0.25,162.04,87.15,10.56,93.01,90.43,5.87,1.0,5.81,0.19,7.22,1.41,13.14,-0.33,136.28,83.74,9.87,92.45,89.14,1.92,1.0,-1.0
1998-07-01,7.19,1.47,5.66,-1.53,12.02,0.22,119.02,82.25,11.48,91.98,91.28,5.78,-1.0,5.73,4.17,1.97,-3.77,9.93,-0.02,131.02,77.56,11.19,90.24,90.92,19.56,-1.0,5.81,2.69,3.5,-2.31,14.04,0.36,164.61,88.02,11.09,92.94,91.27,8.97,-1.0,8.38,2.09,6.41,-1.97,15.2,0.25,162.04,87.15,10.56,93.01,90.43,5.87,1.0,1.0
1998-08-01,7.92,2.75,5.92,-2.0,8.88,0.09,113.64,75.48,11.46,86.13,89.56,38.19,1.0,7.19,1.47,5.66,-1.53,12.02,0.22,119.02,82.25,11.48,91.98,91.28,5.78,-1.0,5.73,4.17,1.97,-3.77,9.93,-0.02,131.02,77.56,11.19,90.24,90.92,19.56,-1.0,5.81,2.69,3.5,-2.31,14.04,0.36,164.61,88.02,11.09,92.94,91.27,8.97,-1.0,1.0
1998-09-01,17.42,16.78,0.64,-16.78,-5.84,0.73,-0.53,37.4,10.06,63.41,80.84,95.87,1.0,7.92,2.75,5.92,-2.0,8.88,0.09,113.64,75.48,11.46,86.13,89.56,38.19,1.0,7.19,1.47,5.66,-1.53,12.02,0.22,119.02,82.25,11.48,91.98,91.28,5.78,-1.0,5.73,4.17,1.97,-3.77,9.93,-0.02,131.02,77.56,11.19,90.24,90.92,19.56,-1.0,1.0
1998-10-01,13.38,2.44,11.0,-2.38,-0.08,0.0,-9.21,48.72,9.3,55.03,72.24,68.27,1.0,17.42,16.78,0.64,-16.78,-5.84,0.73,-0.53,37.4,10.06,63.41,80.84,95.87,1.0,7.92,2.75,5.92,-2.0,8.88,0.09,113.64,75.48,11.46,86.13,89.56,38.19,1.0,7.19,1.47,5.66,-1.53,12.02,0.22,119.02,82.25,11.48,91.98,91.28,5.78,-1.0,1.0
1998-11-01,18.69,7.81,9.16,-9.53,6.92,-0.08,18.49,60.88,9.26,58.63,67.7,34.18,1.0,13.38,2.44,11.0,-2.38,-0.08,0.0,-9.21,48.72,9.3,55.03,72.24,68.27,1.0,17.42,16.78,0.64,-16.78,-5.84,0.73,-0.53,37.4,10.06,63.41,80.84,95.87,1.0,7.92,2.75,5.92,-2.0,8.88,0.09,113.64,75.48,11.46,86.13,89.56,38.19,1.0,1.0
1998-12-01,9.53,0.62,9.72,0.19,11.03,-0.45,114.65,67.71,9.61,68.06,67.82,13.07,1.0,18.69,7.81,9.16,-9.53,6.92,-0.08,18.49,60.88,9.26,58.63,67.7,34.18,1.0,13.38,2.44,11.0,-2.38,-0.08,0.0,-9.21,48.72,9.3,55.03,72.24,68.27,1.0,17.42,16.78,0.64,-16.78,-5.84,0.73,-0.53,37.4,10.06,63.41,80.84,95.87,1.0,1.0
1999-01-01,11.0,2.38,8.62,-2.38,15.42,0.14,141.93,74.08,10.34,77.24,70.96,4.42,1.0,9.53,0.62,9.72,0.19,11.03,-0.45,114.65,67.71,9.61,68.06,67.82,13.07,1.0,18.69,7.81,9.16,-9.53,6.92,-0.08,18.49,60.88,9.26,58.63,67.7,34.18,1.0,13.38,2.44,11.0,-2.38,-0.08,0.0,-9.21,48.72,9.3,55.03,72.24,68.27,1.0,1.0
1999-02-01,8.12,3.0,5.19,-2.94,16.73,-0.09,162.64,77.32,11.14,84.05,75.32,2.33,1.0,11.0,2.38,8.62,-2.38,15.42,0.14,141.93,74.08,10.34,77.24,70.96,4.42,1.0,9.53,0.62,9.72,0.19,11.03,-0.45,114.65,67.71,9.61,68.06,67.82,13.07,1.0,18.69,7.81,9.16,-9.53,6.92,-0.08,18.49,60.88,9.26,58.63,67.7,34.18,1.0,1.0
1999-03-01,7.52,7.36,1.19,-6.33,10.68,0.16,133.31,67.74,11.32,84.56,78.4,14.42,1.0,8.12,3.0,5.19,-2.94,16.73,-0.09,162.64,77.32,11.14,84.05,75.32,2.33,1.0,11.0,2.38,8.62,-2.38,15.42,0.14,141.93,74.08,10.34,77.24,70.96,4.42,1.0,9.53,0.62,9.72,0.19,11.03,-0.45,114.65,67.71,9.61,68.06,67.82,13.07,1.0,1.0
1999-04-01,10.84,1.88,9.06,-1.78,13.11,-0.1,135.11,72.54,11.71,86.2,81.0,10.52,1.0,7.52,7.36,1.19,-6.33,10.68,0.16,133.31,67.74,11.32,84.56,78.4,14.42,1.0,8.12,3.0,5.19,-2.94,16.73,-0.09,162.64,77.32,11.14,84.05,75.32,2.33,1.0,11.0,2.38,8.62,-2.38,15.42,0.14,141.93,74.08,10.34,77.24,70.96,4.42,1.0,-1.0
1999-05-01,9.38,1.56,9.12,-0.25,15.22,0.06,146.96,76.75,12.27,87.67,83.22,15.56,-1.0,10.84,1.88,9.06,-1.78,13.11,-0.1,135.11,72.54,11.71,86.2,81.0,10.52,1.0,7.52,7.36,1.19,-6.33,10.68,0.16,133.31,67.74,11.32,84.56,78.4,14.42,1.0,8.12,3.0,5.19,-2.94,16.73,-0.09,162.64,77.32,11.14,84.05,75.32,2.33,1.0,-1.0
1999-06-01,10.0,5.44,4.75,-5.25,10.3,0.16,113.12,68.84,12.33,86.1,84.18,32.15,-1.0,9.38,1.56,9.12,-0.25,15.22,0.06,146.96,76.75,12.27,87.67,83.22,15.56,-1.0,10.84,1.88,9.06,-1.78,13.11,-0.1,135.11,72.54,11.71,86.2,81.0,10.52,1.0,7.52,7.36,1.19,-6.33,10.68,0.16,133.31,67.74,11.32,84.56,78.4,14.42,1.0,1.0
1999-07-01,9.48,2.11,7.3,-2.19,14.47,-0.12,106.42,75.58,12.78,90.01,86.13,5.67,1.0,10.0,5.44,4.75,-5.25,10.3,0.16,113.12,68.84,12.33,86.1,84.18,32.15,-1.0,9.38,1.56,9.12,-0.25,15.22,0.06,146.96,76.75,12.27,87.67,83.22,15.56,-1.0,10.84,1.88,9.06,-1.78,13.11,-0.1,135.11,72.54,11.71,86.2,81.0,10.52,1.0,1.0
1999-08-01,9.69,4.44,5.25,-4.44,8.65,-0.28,101.19,65.02,12.64,83.46,85.24,45.41,1.0,9.48,2.11,7.3,-2.19,14.47,-0.12,106.42,75.58,12.78,90.01,86.13,5.67,1.0,10.0,5.44,4.75,-5.25,10.3,0.16,113.12,68.84,12.33,86.1,84.18,32.15,-1.0,9.38,1.56,9.12,-0.25,15.22,0.06,146.96,76.75,12.27,87.67,83.22,15.56,-1.0,1.0
1999-09-01,11.78,5.75,6.03,-5.75,6.73,0.24,70.78,63.31,12.34,77.06,82.51,49.77,1.0,9.69,4.44,5.25,-4.44,8.65,-0.28,101.19,65.02,12.64,83.46,85.24,45.41,1.0,9.48,2.11,7.3,-2.19,14.47,-0.12,106.42,75.58,12.78,90.01,86.13,5.67,1.0,10.0,5.44,4.75,-5.25,10.3,0.16,113.12,68.84,12.33,86.1,84.18,32.15,-1.0,1.0
1999-10-01,11.06,7.38,4.56,-6.5,2.9,0.18,49.78,54.93,11.69,64.13,76.39,80.9,1.0,11.78,5.75,6.03,-5.75,6.73,0.24,70.78,63.31,12.34,77.06,82.51,49.77,1.0,9.69,4.44,5.25,-4.44,8.65,-0.28,101.19,65.02,12.64,83.46,85.24,45.41,1.0,9.48,2.11,7.3,-2.19,14.47,-0.12,106.42,75.58,12.78,90.01,86.13,5.67,1.0,1.0
1999-11-01,14.25,4.5,8.94,-5.31,9.43,0.17,61.13,67.7,11.71,67.73,73.5,27.91,1.0,11.06,7.38,4.56,-6.5,2.9,0.18,49.78,54.93,11.69,64.13,76.39,80.9,1.0,11.78,5.75,6.03,-5.75,6.73,0.24,70.78,63.31,12.34,77.06,82.51,49.77,1.0,9.69,4.44,5.25,-4.44,8.65,-0.28,101.19,65.02,12.64,83.46,85.24,45.41,1.0,1.0
1999-12-01,8.41,1.91,6.0,-2.41,9.91,-0.36,109.26,70.48,11.78,72.64,73.21,19.01,1.0,14.25,4.5,8.94,-5.31,9.43,0.17,61.13,67.7,11.71,67.73,73.5,27.91,1.0,11.06,7.38,4.56,-6.5,2.9,0.18,49.78,54.93,11.69,64.13,76.39,80.9,1.0,11.78,5.75,6.03,-5.75,6.73,0.24,70.78,63.31,12.34,77.06,82.51,49.77,1.0,-1.0
2000-01-01,8.56,0.31,8.28,-0.28,14.81,-0.03,165.01,78.03,12.3,80.81,75.75,2.85,-1.0,8.41,1.91,6.0,-2.41,9.91,-0.36,109.26,70.48,11.78,72.64,73.21,19.01,1.0,14.25,4.5,8.94,-5.31,9.43,0.17,61.13,67.7,11.71,67.73,73.5,27.91,1.0,11.06,7.38,4.56,-6.5,2.9,0.18,49.78,54.93,11.69,64.13,76.39,80.9,1.0,1.0
2000-02-01,13.25,13.25,1.38,-11.88,6.34,0.29,118.73,60.23,11.98,75.54,75.68,35.01,1.0,8.56,0.31,8.28,-0.28,14.81,-0.03,165.01,78.03,12.3,80.81,75.75,2.85,-1.0,8.41,1.91,6.0,-2.41,9.91,-0.36,109.26,70.48,11.78,72.64,73.21,19.01,1.0,14.25,4.5,8.94,-5.31,9.43,0.17,61.13,67.7,11.71,67.73,73.5,27.91,1.0,1.0
2000-03-01,11.84,7.03,5.0,-6.84,3.57,0.19,69.69,55.8,11.43,69.17,73.51,43.58,1.0,13.25,13.25,1.38,-11.88,6.34,0.29,118.73,60.23,11.98,75.54,75.68,35.01,1.0,8.56,0.31,8.28,-0.28,14.81,-0.03,165.01,78.03,12.3,80.81,75.75,2.85,-1.0,8.41,1.91,6.0,-2.41,9.91,-0.36,109.26,70.48,11.78,72.64,73.21,19.01,1.0,-1.0
2000-04-01,20.72,2.59,18.31,-2.41,13.97,0.32,160.87,71.26,11.9,73.9,73.64,16.63,-1.0,11.84,7.03,5.0,-6.84,3.57,0.19,69.69,55.8,11.43,69.17,73.51,43.58,1.0,13.25,13.25,1.38,-11.88,6.34,0.29,118.73,60.23,11.98,75.54,75.68,35.01,1.0,8.56,0.31,8.28,-0.28,14.81,-0.03,165.01,78.03,12.3,80.81,75.75,2.85,-1.0,1.0
2000-05-01,19.61,16.62,2.73,-16.88,7.35,-0.07,100.15,60.84,11.71,71.61,72.96,46.27,1.0,20.72,2.59,18.31,-2.41,13.97,0.32,160.87,71.26,11.9,73.9,73.64,16.63,-1.0,11.84,7.03,5.0,-6.84,3.57,0.19,69.69,55.8,11.43,69.17,73.51,43.58,1.0,13.25,13.25,1.38,-11.88,6.34,0.29,118.73,60.23,11.98,75.54,75.68,35.01,1.0,1.0
2000-06-01,11.98,10.06,3.39,-8.59,4.29,-0.3,70.79,56.55,11.24,67.72,71.21,56.17,1.0,19.61,16.62,2.73,-16.88,7.35,-0.07,100.15,60.84,11.71,71.61,72.96,46.27,1.0,20.72,2.59,18.31,-2.41,13.97,0.32,160.87,71.26,11.9,73.9,73.64,16.63,-1.0,11.84,7.03,5.0,-6.84,3.57,0.19,69.69,55.8,11.43,69.17,73.51,43.58,1.0,-1.0
2000-07-01,6.16,0.69,6.34,0.19,5.72,-0.21,100.01,60.19,10.95,67.68,70.04,45.45,-1.0,11.98,10.06,3.39,-8.59,4.29,-0.3,70.79,56.55,11.24,67.72,71.21,56.17,1.0,19.61,16.62,2.73,-16.88,7.35,-0.07,100.15,60.84,11.71,71.61,72.96,46.27,1.0,20.72,2.59,18.31,-2.41,13.97,0.32,160.87,71.26,11.9,73.9,73.64,16.63,-1.0,-1.0
2000-08-01,10.47,3.92,6.7,-3.77,2.91,-0.16,82.92,55.07,10.41,60.0,66.69,55.36,-1.0,6.16,0.69,6.34,0.19,5.72,-0.21,100.01,60.19,10.95,67.68,70.04,45.45,-1.0,11.98,10.06,3.39,-8.59,4.29,-0.3,70.79,56.55,11.24,67.72,71.21,56.17,1.0,19.61,16.62,2.73,-16.88,7.35,-0.07,100.15,60.84,11.71,71.61,72.96,46.27,1.0,-1.0
2000-09-01,10.47,1.0,10.09,-0.38,10.36,-0.04,117.2,68.32,10.61,68.41,67.26,15.31,-1.0,10.47,3.92,6.7,-3.77,2.91,-0.16,82.92,55.07,10.41,60.0,66.69,55.36,-1.0,6.16,0.69,6.34,0.19,5.72,-0.21,100.01,60.19,10.95,67.68,70.04,45.45,-1.0,11.98,10.06,3.39,-8.59,4.29,-0.3,70.79,56.55,11.24,67.72,71.21,56.17,1.0,-1.0
2000-10-01,11.47,11.12,1.25,-10.22,1.4,0.11,69.27,51.36,9.96,61.39,65.31,49.61,-1.0,10.47,1.0,10.09,-0.38,10.36,-0.04,117.2,68.32,10.61,68.41,67.26,15.31,-1.0,10.47,3.92,6.7,-3.77,2.91,-0.16,82.92,55.07,10.41,60.0,66.69,55.36,-1.0,6.16,0.69,6.34,0.19,5.72,-0.21,100.01,60.19,10.95,67.68,70.04,45.45,-1.0,-1.0
2000-11-01,15.59,14.12,2.12,-13.47,0.61,0.58,-34.33,50.21,9.28,57.59,62.73,45.4,-1.0,11.47,11.12,1.25,-10.22,1.4,0.11,69.27,51.36,9.96,61.39,65.31,49.61,-1.0,10.47,1.0,10.09,-0.38,10.36,-0.04,117.2,68.32,10.61,68.41,67.26,15.31,-1.0,10.47,3.92,6.7,-3.77,2.91,-0.16,82.92,55.07,10.41,60.0,66.69,55.36,-1.0,-1.0
2000-12-01,14.55,12.5,1.34,-13.2,-8.51,-0.12,-115.39,35.17,7.79,41.64,55.7,89.38,-1.0,15.59,14.12,2.12,-13.47,0.61,0.58,-34.33,50.21,9.28,57.59,62.73,45.4,-1.0,11.47,11.12,1.25,-10.22,1.4,0.11,69.27,51.36,9.96,61.39,65.31,49.61,-1.0,10.47,1.0,10.09,-0.38,10.36,-0.04,117.2,68.32,10.61,68.41,67.26,15.31,-1.0,-1.0
2001-01-01,14.03,7.66,7.28,-6.75,-8.13,0.06,-169.5,33.92,6.45,34.48,48.63,79.84,-1.0,14.55,12.5,1.34,-13.2,-8.51,-0.12,-115.39,35.17,7.79,41.64,55.7,89.38,-1.0,15.59,14.12,2.12,-13.47,0.61,0.58,-34.33,50.21,9.28,57.59,62.73,45.4,-1.0,11.47,11.12,1.25,-10.22,1.4,0.11,69.27,51.36,9.96,61.39,65.31,49.61,-1.0,-1.0
2001-02-01,11.14,4.44,7.51,-3.62,-1.94,0.1,-114.17,46.16,5.79,36.63,44.63,59.06,-1.0,14.03,7.66,7.28,-6.75,-8.13,0.06,-169.5,33.92,6.45,34.48,48.63,79.84,-1.0,14.55,12.5,1.34,-13.2,-8.51,-0.12,-115.39,35.17,7.79,41.64,55.7,89.38,-1.0,15.59,14.12,2.12,-13.47,0.61,0.58,-34.33,50.21,9.28,57.59,62.73,45.4,-1.0,-1.0
2001-03-01,16.19,15.3,0.97,-15.22,-12.7,-0.01,-164.11,30.81,4.16,26.68,38.64,93.24,-1.0,11.14,4.44,7.51,-3.62,-1.94,0.1,-114.17,46.16,5.79,36.63,44.63,59.06,-1.0,14.03,7.66,7.28,-6.75,-8.13,0.06,-169.5,33.92,6.45,34.48,48.63,79.84,-1.0,14.55,12.5,1.34,-13.2,-8.51,-0.12,-115.39,35.17,7.79,41.64,55.7,89.38,-1.0,1.0
2001-04-01,19.71,16.01,3.8,-15.91,-16.89,0.78,-207.53,25.22,2.26,24.11,33.8,77.06,1.0,16.19,15.3,0.97,-15.22,-12.7,-0.01,-164.11,30.81,4.16,26.68,38.64,93.24,-1.0,11.14,4.44,7.51,-3.62,-1.94,0.1,-114.17,46.16,5.79,36.63,44.63,59.06,-1.0,14.03,7.66,7.28,-6.75,-8.13,0.06,-169.5,33.92,6.45,34.48,48.63,79.84,-1.0,-1.0
2001-05-01,17.97,7.0,10.58,-7.39,-5.86,-0.21,-133.93,42.43,1.54,29.7,32.43,48.64,-1.0,19.71,16.01,3.8,-15.91,-16.89,0.78,-207.53,25.22,2.26,24.11,33.8,77.06,1.0,16.19,15.3,0.97,-15.22,-12.7,-0.01,-164.11,30.81,4.16,26.68,38.64,93.24,-1.0,11.14,4.44,7.51,-3.62,-1.94,0.1,-114.17,46.16,5.79,36.63,44.63,59.06,-1.0,-1.0
2001-06-01,8.65,1.63,5.43,-3.22,-5.56,-0.17,-72.89,41.61,0.9,32.91,32.59,43.18,-1.0,17.97,7.0,10.58,-7.39,-5.86,-0.21,-133.93,42.43,1.54,29.7,32.43,48.64,-1.0,19.71,16.01,3.8,-15.91,-16.89,0.78,-207.53,25.22,2.26,24.11,33.8,77.06,1.0,16.19,15.3,0.97,-15.22,-12.7,-0.01,-164.11,30.81,4.16,26.68,38.64,93.24,-1.0,-1.0
2001-07-01,8.83,5.8,3.28,-5.55,-7.54,-0.02,-84.04,37.52,0.13,34.81,33.33,52.51,-1.0,8.65,1.63,5.43,-3.22,-5.56,-0.17,-72.89,41.61,0.9,32.91,32.59,43.18,-1.0,17.97,7.0,10.58,-7.39,-5.86,-0.21,-133.93,42.43,1.54,29.7,32.43,48.64,-1.0,19.71,16.01,3.8,-15.91,-16.89,0.78,-207.53,25.22,2.26,24.11,33.8,77.06,1.0,-1.0
2001-08-01,7.57,6.05,1.72,-5.85,-7.43,-0.03,-93.1,35.93,-0.58,35.44,34.03,55.56,-1.0,8.83,5.8,3.28,-5.55,-7.54,-0.02,-84.04,37.52,0.13,34.81,33.33,52.51,-1.0,8.65,1.63,5.43,-3.22,-5.56,-0.17,-72.89,41.61,0.9,32.91,32.59,43.18,-1.0,17.97,7.0,10.58,-7.39,-5.86,-0.21,-133.93,42.43,1.54,29.7,32.43,48.64,-1.0,1.0
2001-09-01,11.21,9.93,1.9,-9.31,-12.38,0.37,-108.0,27.81,-1.71,30.09,32.72,74.59,1.0,7.57,6.05,1.72,-5.85,-7.43,-0.03,-93.1,35.93,-0.58,35.44,34.03,55.56,-1.0,8.83,5.8,3.28,-5.55,-7.54,-0.02,-84.04,37.52,0.13,34.81,33.33,52.51,-1.0,8.65,1.63,5.43,-3.22,-5.56,-0.17,-72.89,41.61,0.9,32.91,32.59,43.18,-1.0,1.0
2001-10-01,22.37,20.05,2.02,-20.35,-18.69,0.55,-163.77,20.37,-3.34,27.96,31.13,72.21,1.0,11.21,9.93,1.9,-9.31,-12.38,0.37,-108.0,27.81,-1.71,30.09,32.72,74.59,1.0,7.57,6.05,1.72,-5.85,-7.43,-0.03,-93.1,35.93,-0.58,35.44,34.03,55.56,-1.0,8.83,5.8,3.28,-5.55,-7.54,-0.02,-84.04,37.52,0.13,34.81,33.33,52.51,-1.0,1.0
2001-11-01,8.96,1.07,7.35,-1.61,-14.67,0.22,-131.42,23.8,-4.48,27.69,29.98,68.66,1.0,22.37,20.05,2.02,-20.35,-18.69,0.55,-163.77,20.37,-3.34,27.96,31.13,72.21,1.0,11.21,9.93,1.9,-9.31,-12.38,0.37,-108.0,27.81,-1.71,30.09,32.72,74.59,1.0,7.57,6.05,1.72,-5.85,-7.43,-0.03,-93.1,35.93,-0.58,35.44,34.03,55.56,-1.0,1.0
2001-12-01,11.2,0.9,11.1,-0.1,-5.43,-0.27,-82.27,41.98,-4.66,36.09,32.02,42.85,1.0,8.96,1.07,7.35,-1.61,-14.67,0.22,-131.42,23.8,-4.48,27.69,29.98,68.66,1.0,22.37,20.05,2.02,-20.35,-18.69,0.55,-163.77,20.37,-3.34,27.96,31.13,72.21,1.0,11.21,9.93,1.9,-9.31,-12.38,0.37,-108.0,27.81,-1.71,30.09,32.72,74.59,1.0,-1.0
2002-01-01,6.0,1.65,3.95,-2.05,-4.38,-0.17,-54.39,42.48,-4.73,41.91,35.31,32.83,-1.0,11.2,0.9,11.1,-0.1,-5.43,-0.27,-82.27,41.98,-4.66,36.09,32.02,42.85,1.0,8.96,1.07,7.35,-1.61,-14.67,0.22,-131.42,23.8,-4.48,27.69,29.98,68.66,1.0,22.37,20.05,2.02,-20.35,-18.69,0.55,-163.77,20.37,-3.34,27.96,31.13,72.21,1.0,-1.0
2002-02-01,9.59,6.71,3.69,-5.9,-4.66,0.13,-58.06,40.6,-4.82,44.81,38.48,34.19,-1.0,6.0,1.65,3.95,-2.05,-4.38,-0.17,-54.39,42.48,-4.73,41.91,35.31,32.83,-1.0,11.2,0.9,11.1,-0.1,-5.43,-0.27,-82.27,41.98,-4.66,36.09,32.02,42.85,1.0,8.96,1.07,7.35,-1.61,-14.67,0.22,-131.42,23.8,-4.48,27.69,29.98,68.66,1.0,-1.0
2002-03-01,5.48,5.27,0.12,-5.36,-5.66,0.21,-71.19,37.04,-4.99,46.2,41.05,28.31,-1.0,9.59,6.71,3.69,-5.9,-4.66,0.13,-58.06,40.6,-4.82,44.81,38.48,34.19,-1.0,6.0,1.65,3.95,-2.05,-4.38,-0.17,-54.39,42.48,-4.73,41.91,35.31,32.83,-1.0,11.2,0.9,11.1,-0.1,-5.43,-0.27,-82.27,41.98,-4.66,36.09,32.02,42.85,1.0,-1.0
2002-04-01,6.39,0.21,6.75,0.36,-1.94,-0.09,-23.22,46.41,-4.8,53.43,45.18,22.94,-1.0,5.48,5.27,0.12,-5.36,-5.66,0.21,-71.19,37.04,-4.99,46.2,41.05,28.31,-1.0,9.59,6.71,3.69,-5.9,-4.66,0.13,-58.06,40.6,-4.82,44.81,38.48,34.19,-1.0,6.0,1.65,3.95,-2.05,-4.38,-0.17,-54.39,42.48,-4.73,41.91,35.31,32.83,-1.0,-1.0
2002-05-01,8.47,7.6,0.58,-7.89,-7.27,0.05,-71.78,34.31,-5.13,51.53,47.3,82.44,-1.0,6.39,0.21,6.75,0.36,-1.94,-0.09,-23.22,46.41,-4.8,53.43,45.18,22.94,-1.0,5.48,5.27,0.12,-5.36,-5.66,0.21,-71.19,37.04,-4.99,46.2,41.05,28.31,-1.0,9.59,6.71,3.69,-5.9,-4.66,0.13,-58.06,40.6,-4.82,44.81,38.48,34.19,-1.0,-1.0
2002-06-01,6.35,3.07,3.39,-2.96,-6.7,0.12,-86.41,33.3,-5.38,52.84,49.14,82.29,-1.0,8.47,7.6,0.58,-7.89,-7.27,0.05,-71.78,34.31,-5.13,51.53,47.3,82.44,-1.0,6.39,0.21,6.75,0.36,-1.94,-0.09,-23.22,46.41,-4.8,53.43,45.18,22.94,-1.0,5.48,5.27,0.12,-5.36,-5.66,0.21,-71.19,37.04,-4.99,46.2,41.05,28.31,-1.0,-1.0
2002-07-01,12.41,11.9,0.38,-12.03,-12.66,0.18,-149.65,22.93,-6.18,40.74,46.34,83.46,-1.0,6.35,3.07,3.39,-2.96,-6.7,0.12,-86.41,33.3,-5.38,52.84,49.14,82.29,-1.0,8.47,7.6,0.58,-7.89,-7.27,0.05,-71.78,34.31,-5.13,51.53,47.3,82.44,-1.0,6.39,0.21,6.75,0.36,-1.94,-0.09,-23.22,46.41,-4.8,53.43,45.18,22.94,-1.0,1.0
2002-08-01,22.12,21.5,0.84,-21.28,-17.31,1.1,-225.21,16.95,-7.35,38.3,43.66,66.48,1.0,12.41,11.9,0.38,-12.03,-12.66,0.18,-149.65,22.93,-6.18,40.74,46.34,83.46,-1.0,6.35,3.07,3.39,-2.96,-6.7,0.12,-86.41,33.3,-5.38,52.84,49.14,82.29,-1.0,8.47,7.6,0.58,-7.89,-7.27,0.05,-71.78,34.31,-5.13,51.53,47.3,82.44,-1.0,-1.0
2002-09-01,13.6,7.33,5.99,-7.61,-14.12,-0.17,-167.34,18.97,-8.14,37.19,41.5,64.94,-1.0,22.12,21.5,0.84,-21.28,-17.31,1.1,-225.21,16.95,-7.35,38.3,43.66,66.48,1.0,12.41,11.9,0.38,-12.03,-12.66,0.18,-149.65,22.93,-6.18,40.74,46.34,83.46,-1.0,6.35,3.07,3.39,-2.96,-6.7,0.12,-86.41,33.3,-5.38,52.84,49.14,82.29,-1.0,1.0
2002-10-01,12.43,9.83,1.55,-10.88,-20.4,0.08,-166.52,12.91,-9.46,28.19,37.07,89.02,1.0,13.6,7.33,5.99,-7.61,-14.12,-0.17,-167.34,18.97,-8.14,37.19,41.5,64.94,-1.0,22.12,21.5,0.84,-21.28,-17.31,1.1,-225.21,16.95,-7.35,38.3,43.66,66.48,1.0,12.41,11.9,0.38,-12.03,-12.66,0.18,-149.65,22.93,-6.18,40.74,46.34,83.46,-1.0,-1.0
2002-11-01,14.22,5.36,9.5,-4.72,-11.57,0.33,-127.61,30.78,-9.85,28.14,34.09,66.5,-1.0,12.43,9.83,1.55,-10.88,-20.4,0.08,-166.52,12.91,-9.46,28.19,37.07,89.02,1.0,13.6,7.33,5.99,-7.61,-14.12,-0.17,-167.34,18.97,-8.14,37.19,41.5,64.94,-1.0,22.12,21.5,0.84,-21.28,-17.31,1.1,-225.21,16.95,-7.35,38.3,43.66,66.48,1.0,-1.0
2002-12-01,7.5,0.9,6.43,-1.07,-5.17,-0.39,-68.18,42.31,-9.61,32.57,33.58,44.61,-1.0,14.22,5.36,9.5,-4.72,-11.57,0.33,-127.61,30.78,-9.85,28.14,34.09,66.5,-1.0,12.43,9.83,1.55,-10.88,-20.4,0.08,-166.52,12.91,-9.46,28.19,37.07,89.02,1.0,13.6,7.33,5.99,-7.61,-14.12,-0.17,-167.34,18.97,-8.14,37.19,41.5,64.94,-1.0,1.0
2003-01-01,8.94,8.36,2.07,-6.87,-9.24,-0.11,-67.81,34.95,-9.77,31.49,32.89,50.9,1.0,7.5,0.9,6.43,-1.07,-5.17,-0.39,-68.18,42.31,-9.61,32.57,33.58,44.61,-1.0,14.22,5.36,9.5,-4.72,-11.57,0.33,-127.61,30.78,-9.85,28.14,34.09,66.5,-1.0,12.43,9.83,1.55,-10.88,-20.4,0.08,-166.52,12.91,-9.46,28.19,37.07,89.02,1.0,1.0
2003-02-01,9.71,4.7,5.63,-4.08,-9.65,0.25,-71.83,32.4,-9.95,29.76,31.85,55.23,1.0,8.94,8.36,2.07,-6.87,-9.24,-0.11,-67.81,34.95,-9.77,31.49,32.89,50.9,1.0,7.5,0.9,6.43,-1.07,-5.17,-0.39,-68.18,42.31,-9.61,32.57,33.58,44.61,-1.0,14.22,5.36,9.5,-4.72,-11.57,0.33,-127.61,30.78,-9.85,28.14,34.09,66.5,-1.0,1.0
2003-03-01,5.81,5.14,0.75,-5.06,-9.15,-0.05,-84.26,30.95,-10.08,28.39,30.69,58.75,1.0,9.71,4.7,5.63,-4.08,-9.65,0.25,-71.83,32.4,-9.95,29.76,31.85,55.23,1.0,8.94,8.36,2.07,-6.87,-9.24,-0.11,-67.81,34.95,-9.77,31.49,32.89,50.9,1.0,7.5,0.9,6.43,-1.07,-5.17,-0.39,-68.18,42.31,-9.61,32.57,33.58,44.61,-1.0,1.0
2003-04-01,10.5,5.88,4.98,-5.52,-7.88,0.34,-74.17,30.73,-10.07,30.18,30.52,59.59,1.0,5.81,5.14,0.75,-5.06,-9.15,-0.05,-84.26,30.95,-10.08,28.39,30.69,58.75,1.0,9.71,4.7,5.63,-4.08,-9.65,0.25,-71.83,32.4,-9.95,29.76,31.85,55.23,1.0,8.94,8.36,2.07,-6.87,-9.24,-0.11,-67.81,34.95,-9.77,31.49,32.89,50.9,1.0,1.0
2003-05-01,7.89,0.34,8.06,0.17,-0.6,-0.14,-32.07,50.35,-9.38,44.75,35.26,24.84,1.0,10.5,5.88,4.98,-5.52,-7.88,0.34,-74.17,30.73,-10.07,30.18,30.52,59.59,1.0,5.81,5.14,0.75,-5.06,-9.15,-0.05,-84.26,30.95,-10.08,28.39,30.69,58.75,1.0,9.71,4.7,5.63,-4.08,-9.65,0.25,-71.83,32.4,-9.95,29.76,31.85,55.23,1.0,1.0
2003-06-01,6.59,1.42,5.18,-1.41,3.76,-0.12,26.13,59.92,-8.33,62.93,44.49,0.79,1.0,7.89,0.34,8.06,0.17,-0.6,-0.14,-32.07,50.35,-9.38,44.75,35.26,24.84,1.0,10.5,5.88,4.98,-5.52,-7.88,0.34,-74.17,30.73,-10.07,30.18,30.52,59.59,1.0,5.81,5.14,0.75,-5.06,-9.15,-0.05,-84.26,30.95,-10.08,28.39,30.69,58.75,1.0,1.0
2003-07-01,5.51,0.86,5.23,-0.28,3.76,-0.02,93.23,61.14,-7.36,69.25,52.74,19.96,1.0,6.59,1.42,5.18,-1.41,3.76,-0.12,26.13,59.92,-8.33,62.93,44.49,0.79,1.0,7.89,0.34,8.06,0.17,-0.6,-0.14,-32.07,50.35,-9.38,44.75,35.26,24.84,1.0,10.5,5.88,4.98,-5.52,-7.88,0.34,-74.17,30.73,-10.07,30.18,30.52,59.59,1.0,1.0
2003-08-01,5.47,0.82,4.27,-1.2,4.67,0.03,125.65,64.48,-6.38,75.42,60.3,12.24,1.0,5.51,0.86,5.23,-0.28,3.76,-0.02,93.23,61.14,-7.36,69.25,52.74,19.96,1.0,6.59,1.42,5.18,-1.41,3.76,-0.12,26.13,59.92,-8.33,62.93,44.49,0.79,1.0,7.89,0.34,8.06,0.17,-0.6,-0.14,-32.07,50.35,-9.38,44.75,35.26,24.84,1.0,1.0
2003-09-01,5.48,2.85,2.43,-3.05,5.68,-0.14,138.09,68.29,-5.37,82.53,67.71,3.25,1.0,5.47,0.82,4.27,-1.2,4.67,0.03,125.65,64.48,-6.38,75.42,60.3,12.24,1.0,5.51,0.86,5.23,-0.28,3.76,-0.02,93.23,61.14,-7.36,69.25,52.74,19.96,1.0,6.59,1.42,5.18,-1.41,3.76,-0.12,26.13,59.92,-8.33,62.93,44.49,0.79,1.0,1.0
2003-10-01,5.45,2.39,3.26,-2.19,3.55,0.06,125.25,62.44,-4.64,82.1,72.51,24.0,1.0,5.48,2.85,2.43,-3.05,5.68,-0.14,138.09,68.29,-5.37,82.53,67.71,3.25,1.0,5.47,0.82,4.27,-1.2,4.67,0.03,125.65,64.48,-6.38,75.42,60.3,12.24,1.0,5.51,0.86,5.23,-0.28,3.76,-0.02,93.23,61.14,-7.36,69.25,52.74,19.96,1.0,1.0
2003-11-01,5.77,0.04,6.02,0.25,7.53,0.02,124.69,72.56,-3.58,87.23,77.41,4.33,1.0,5.45,2.39,3.26,-2.19,3.55,0.06,125.25,62.44,-4.64,82.1,72.51,24.0,1.0,5.48,2.85,2.43,-3.05,5.68,-0.14,138.09,68.29,-5.37,82.53,67.71,3.25,1.0,5.47,0.82,4.27,-1.2,4.67,0.03,125.65,64.48,-6.38,75.42,60.3,12.24,1.0,1.0
2003-12-01,3.33,2.13,1.65,-1.68,7.34,-0.24,121.07,74.34,-2.63,90.88,81.9,4.71,1.0,5.77,0.04,6.02,0.25,7.53,0.02,124.69,72.56,-3.58,87.23,77.41,4.33,1.0,5.45,2.39,3.26,-2.19,3.55,0.06,125.25,62.44,-4.64,82.1,72.51,24.0,1.0,5.48,2.85,2.43,-3.05,5.68,-0.14,138.09,68.29,-5.37,82.53,67.71,3.25,1.0,-1.0
2004-01-01,5.56,0.89,5.07,-0.49,10.3,0.08,135.81,80.67,-1.46,93.62,85.81,1.58,-1.0,3.33,2.13,1.65,-1.68,7.34,-0.24,121.07,74.34,-2.63,90.88,81.9,4.71,1.0,5.77,0.04,6.02,0.25,7.53,0.02,124.69,72.56,-3.58,87.23,77.41,4.33,1.0,5.45,2.39,3.26,-2.19,3.55,0.06,125.25,62.44,-4.64,82.1,72.51,24.0,1.0,-1.0
2004-02-01,5.77,1.01,5.22,-0.55,10.58,0.09,143.59,82.97,-0.35,91.87,87.83,14.98,-1.0,5.56,0.89,5.07,-0.49,10.3,0.08,135.81,80.67,-1.46,93.62,85.81,1.58,-1.0,3.33,2.13,1.65,-1.68,7.34,-0.24,121.07,74.34,-2.63,90.88,81.9,4.71,1.0,5.77,0.04,6.02,0.25,7.53,0.02,124.69,72.56,-3.58,87.23,77.41,4.33,1.0,-1.0
2004-03-01,3.82,0.92,3.12,-0.7,10.25,-0.08,133.8,84.51,0.64,91.98,89.22,9.11,-1.0,5.77,1.01,5.22,-0.55,10.58,0.09,143.59,82.97,-0.35,91.87,87.83,14.98,-1.0,5.56,0.89,5.07,-0.49,10.3,0.08,135.81,80.67,-1.46,93.62,85.81,1.58,-1.0,3.33,2.13,1.65,-1.68,7.34,-0.24,121.07,74.34,-2.63,90.88,81.9,4.71,1.0,-1.0
2004-04-01,8.12,6.58,1.95,-6.17,7.05,0.66,101.87,74.41,1.26,88.4,88.94,23.08,-1.0,3.82,0.92,3.12,-0.7,10.25,-0.08,133.8,84.51,0.64,91.98,89.22,9.11,-1.0,5.77,1.01,5.22,-0.55,10.58,0.09,143.59,82.97,-0.35,91.87,87.83,14.98,-1.0,5.56,0.89,5.07,-0.49,10.3,0.08,135.81,80.67,-1.46,93.62,85.81,1.58,-1.0,1.0
2004-05-01,4.51,2.17,2.31,-2.2,4.16,-0.14,84.72,64.16,1.55,82.56,86.82,45.02,1.0,8.12,6.58,1.95,-6.17,7.05,0.66,101.87,74.41,1.26,88.4,88.94,23.08,-1.0,3.82,0.92,3.12,-0.7,10.25,-0.08,133.8,84.51,0.64,91.98,89.22,9.11,-1.0,5.77,1.01,5.22,-0.55,10.58,0.09,143.59,82.97,-0.35,91.87,87.83,14.98,-1.0,-1.0
2004-06-01,5.2,3.31,2.3,-2.9,5.12,0.01,65.71,68.74,1.92,80.64,84.76,37.33,-1.0,4.51,2.17,2.31,-2.2,4.16,-0.14,84.72,64.16,1.55,82.56,86.82,45.02,1.0,8.12,6.58,1.95,-6.17,7.05,0.66,101.87,74.41,1.26,88.4,88.94,23.08,-1.0,3.82,0.92,3.12,-0.7,10.25,-0.08,133.8,84.51,0.64,91.98,89.22,9.11,-1.0,-1.0
2004-07-01,3.07,0.59,2.08,-0.99,5.75,-0.26,79.12,72.46,2.32,82.24,83.92,27.38,-1.0,5.2,3.31,2.3,-2.9,5.12,0.01,65.71,68.74,1.92,80.64,84.76,37.33,-1.0,4.51,2.17,2.31,-2.2,4.16,-0.14,84.72,64.16,1.55,82.56,86.82,45.02,1.0,8.12,6.58,1.95,-6.17,7.05,0.66,101.87,74.41,1.26,88.4,88.94,23.08,-1.0,1.0
2004-08-01,6.19,6.04,-0.13,-6.32,1.74,0.32,42.14,55.09,2.31,72.86,80.23,68.8,1.0,3.07,0.59,2.08,-0.99,5.75,-0.26,79.12,72.46,2.32,82.24,83.92,27.38,-1.0,5.2,3.31,2.3,-2.9,5.12,0.01,65.71,68.74,1.92,80.64,84.76,37.33,-1.0,4.51,2.17,2.31,-2.2,4.16,-0.14,84.72,64.16,1.55,82.56,86.82,45.02,1.0,1.0
2004-09-01,5.04,3.6,0.79,-4.25,1.7,-0.03,17.84,56.01,2.3,64.16,74.88,56.45,1.0,6.19,6.04,-0.13,-6.32,1.74,0.32,42.14,55.09,2.31,72.86,80.23,68.8,1.0,3.07,0.59,2.08,-0.99,5.75,-0.26,79.12,72.46,2.32,82.24,83.92,27.38,-1.0,5.2,3.31,2.3,-2.9,5.12,0.01,65.71,68.74,1.92,80.64,84.76,37.33,-1.0,1.0
2004-10-01,3.33,0.54,2.63,-0.7,1.99,-0.14,43.7,58.48,2.32,59.38,69.71,41.38,1.0,5.04,3.6,0.79,-4.25,1.7,-0.03,17.84,56.01,2.3,64.16,74.88,56.45,1.0,6.19,6.04,-0.13,-6.32,1.74,0.32,42.14,55.09,2.31,72.86,80.23,68.8,1.0,3.07,0.59,2.08,-0.99,5.75,-0.26,79.12,72.46,2.32,82.24,83.92,27.38,-1.0,1.0
2004-11-01,5.33,2.91,2.92,-2.41,2.9,0.32,45.15,63.88,2.42,60.81,66.74,20.84,1.0,3.33,0.54,2.63,-0.7,1.99,-0.14,43.7,58.48,2.32,59.38,69.71,41.38,1.0,5.04,3.6,0.79,-4.25,1.7,-0.03,17.84,56.01,2.3,64.16,74.88,56.45,1.0,6.19,6.04,-0.13,-6.32,1.74,0.32,42.14,55.09,2.31,72.86,80.23,68.8,1.0,1.0
2004-12-01,5.94,0.36,5.94,0.0,6.42,-0.08,144.06,76.05,2.85,70.55,68.01,9.96,1.0,5.33,2.91,2.92,-2.41,2.9,0.32,45.15,63.88,2.42,60.81,66.74,20.84,1.0,3.33,0.54,2.63,-0.7,1.99,-0.14,43.7,58.48,2.32,59.38,69.71,41.38,1.0,5.04,3.6,0.79,-4.25,1.7,-0.03,17.84,56.01,2.3,64.16,74.88,56.45,1.0,-1.0
2005-01-01,3.93,0.43,3.77,-0.16,7.96,-0.05,213.42,80.95,3.39,78.62,71.55,5.24,-1.0,5.94,0.36,5.94,0.0,6.42,-0.08,144.06,76.05,2.85,70.55,68.01,9.96,1.0,5.33,2.91,2.92,-2.41,2.9,0.32,45.15,63.88,2.42,60.81,66.74,20.84,1.0,3.33,0.54,2.63,-0.7,1.99,-0.14,43.7,58.48,2.32,59.38,69.71,41.38,1.0,1.0
2005-02-01,5.39,5.19,0.89,-4.5,4.44,0.3,147.46,66.18,3.56,77.84,73.65,23.73,1.0,3.93,0.43,3.77,-0.16,7.96,-0.05,213.42,80.95,3.39,78.62,71.55,5.24,-1.0,5.94,0.36,5.94,0.0,6.42,-0.08,144.06,76.05,2.85,70.55,68.01,9.96,1.0,5.33,2.91,2.92,-2.41,2.9,0.32,45.15,63.88,2.42,60.81,66.74,20.84,1.0,-1.0
2005-03-01,3.57,0.15,3.51,-0.06,5.85,-0.13,142.86,71.81,3.84,82.74,76.68,9.11,-1.0,5.39,5.19,0.89,-4.5,4.44,0.3,147.46,66.18,3.56,77.84,73.65,23.73,1.0,3.93,0.43,3.77,-0.16,7.96,-0.05,213.42,80.95,3.39,78.62,71.55,5.24,-1.0,5.94,0.36,5.94,0.0,6.42,-0.08,144.06,76.05,2.85,70.55,68.01,9.96,1.0,1.0
2005-04-01,7.0,4.57,2.62,-4.38,2.69,0.3,96.66,59.07,3.81,77.91,77.09,38.06,1.0,3.57,0.15,3.51,-0.06,5.85,-0.13,142.86,71.81,3.84,82.74,76.68,9.11,-1.0,5.39,5.19,0.89,-4.5,4.44,0.3,147.46,66.18,3.56,77.84,73.65,23.73,1.0,3.93,0.43,3.77,-0.16,7.96,-0.05,213.42,80.95,3.39,78.62,71.55,5.24,-1.0,1.0
2005-05-01,5.71,5.08,1.3,-4.41,0.4,0.23,29.3,50.22,3.57,70.27,74.82,74.63,1.0,7.0,4.57,2.62,-4.38,2.69,0.3,96.66,59.07,3.81,77.91,77.09,38.06,1.0,3.57,0.15,3.51,-0.06,5.85,-0.13,142.86,71.81,3.84,82.74,76.68,9.11,-1.0,5.39,5.19,0.89,-4.5,4.44,0.3,147.46,66.18,3.56,77.84,73.65,23.73,1.0,1.0
2005-06-01,5.45,1.27,4.5,-0.95,3.5,-0.18,60.89,61.81,3.63,71.14,73.59,38.87,1.0,5.71,5.08,1.3,-4.41,0.4,0.23,29.3,50.22,3.57,70.27,74.82,74.63,1.0,7.0,4.57,2.62,-4.38,2.69,0.3,96.66,59.07,3.81,77.91,77.09,38.06,1.0,3.57,0.15,3.51,-0.06,5.85,-0.13,142.86,71.81,3.84,82.74,76.68,9.11,-1.0,1.0
2005-07-01,3.19,0.77,2.46,-0.73,2.71,-0.18,84.1,60.45,3.62,71.0,72.73,41.96,1.0,5.45,1.27,4.5,-0.95,3.5,-0.18,60.89,61.81,3.63,71.14,73.59,38.87,1.0,5.71,5.08,1.3,-4.41,0.4,0.23,29.3,50.22,3.57,70.27,74.82,74.63,1.0,7.0,4.57,2.62,-4.38,2.69,0.3,96.66,59.07,3.81,77.91,77.09,38.06,1.0,1.0
2005-08-01,6.38,1.19,5.46,-0.92,6.15,0.08,114.11,71.77,3.93,78.04,74.5,8.12,1.0,3.19,0.77,2.46,-0.73,2.71,-0.18,84.1,60.45,3.62,71.0,72.73,41.96,1.0,5.45,1.27,4.5,-0.95,3.5,-0.18,60.89,61.81,3.63,71.14,73.59,38.87,1.0,5.71,5.08,1.3,-4.41,0.4,0.23,29.3,50.22,3.57,70.27,74.82,74.63,1.0,1.0
2005-09-01,4.36,3.45,1.0,-3.36,4.22,0.11,105.08,66.0,4.04,78.93,75.97,19.3,1.0,6.38,1.19,5.46,-0.92,6.15,0.08,114.11,71.77,3.93,78.04,74.5,8.12,1.0,3.19,0.77,2.46,-0.73,2.71,-0.18,84.1,60.45,3.62,71.0,72.73,41.96,1.0,5.45,1.27,4.5,-0.95,3.5,-0.18,60.89,61.81,3.63,71.14,73.59,38.87,1.0,1.0
2005-10-01,4.3,2.08,2.16,-2.14,3.96,-0.01,99.92,67.25,4.11,80.89,77.61,15.19,1.0,4.36,3.45,1.0,-3.36,4.22,0.11,105.08,66.0,4.04,78.93,75.97,19.3,1.0,6.38,1.19,5.46,-0.92,6.15,0.08,114.11,71.77,3.93,78.04,74.5,8.12,1.0,3.19,0.77,2.46,-0.73,2.71,-0.18,84.1,60.45,3.62,71.0,72.73,41.96,1.0,1.0
2005-11-01,6.46,6.08,0.3,-6.16,0.89,0.39,38.22,52.56,3.89,73.53,76.25,46.38,1.0,4.3,2.08,2.16,-2.14,3.96,-0.01,99.92,67.25,4.11,80.89,77.61,15.19,1.0,4.36,3.45,1.0,-3.36,4.22,0.11,105.08,66.0,4.04,78.93,75.97,19.3,1.0,6.38,1.19,5.46,-0.92,6.15,0.08,114.11,71.77,3.93,78.04,74.5,8.12,1.0,1.0
2005-12-01,7.28,0.45,7.28,0.0,5.22,-0.34,141.0,67.85,4.1,77.54,76.68,18.99,1.0,6.46,6.08,0.3,-6.16,0.89,0.39,38.22,52.56,3.89,73.53,76.25,46.38,1.0,4.3,2.08,2.16,-2.14,3.96,-0.01,99.92,67.25,4.11,80.89,77.61,15.19,1.0,4.36,3.45,1.0,-3.36,4.22,0.11,105.08,66.0,4.04,78.93,75.97,19.3,1.0,1.0
2006-01-01,3.73,1.66,2.68,-1.05,3.66,-0.09,160.13,63.66,4.14,76.82,76.73,31.94,1.0,7.28,0.45,7.28,0.0,5.22,-0.34,141.0,67.85,4.1,77.54,76.68,18.99,1.0,6.46,6.08,0.3,-6.16,0.89,0.39,38.22,52.56,3.89,73.53,76.25,46.38,1.0,4.3,2.08,2.16,-2.14,3.96,-0.01,99.92,67.25,4.11,80.89,77.61,15.19,1.0,1.0
2006-02-01,5.05,0.8,4.93,-0.12,5.62,0.15,159.25,70.84,4.36,80.13,77.86,15.45,1.0,3.73,1.66,2.68,-1.05,3.66,-0.09,160.13,63.66,4.14,76.82,76.73,31.94,1.0,7.28,0.45,7.28,0.0,5.22,-0.34,141.0,67.85,4.1,77.54,76.68,18.99,1.0,6.46,6.08,0.3,-6.16,0.89,0.39,38.22,52.56,3.89,73.53,76.25,46.38,1.0,-1.0
2006-03-01,4.64,2.42,2.54,-2.1,5.38,-0.07,142.46,72.44,4.54,82.17,79.3,13.75,-1.0,5.05,0.8,4.93,-0.12,5.62,0.15,159.25,70.84,4.36,80.13,77.86,15.45,1.0,3.73,1.66,2.68,-1.05,3.66,-0.09,160.13,63.66,4.14,76.82,76.73,31.94,1.0,7.28,0.45,7.28,0.0,5.22,-0.34,141.0,67.85,4.1,77.54,76.68,18.99,1.0,-1.0
2006-04-01,4.29,1.42,3.24,-1.05,5.9,0.18,147.83,75.91,4.76,84.37,80.99,11.24,-1.0,4.64,2.42,2.54,-2.1,5.38,-0.07,142.46,72.44,4.54,82.17,79.3,13.75,-1.0,5.05,0.8,4.93,-0.12,5.62,0.15,159.25,70.84,4.36,80.13,77.86,15.45,1.0,3.73,1.66,2.68,-1.05,3.66,-0.09,160.13,63.66,4.14,76.82,76.73,31.94,1.0,-1.0
2006-05-01,3.84,2.05,2.03,-1.81,6.38,-0.04,132.7,79.14,5.01,88.71,83.56,3.32,-1.0,4.29,1.42,3.24,-1.05,5.9,0.18,147.83,75.91,4.76,84.37,80.99,11.24,-1.0,4.64,2.42,2.54,-2.1,5.38,-0.07,142.46,72.44,4.54,82.17,79.3,13.75,-1.0,5.05,0.8,4.93,-0.12,5.62,0.15,159.25,70.84,4.36,80.13,77.86,15.45,1.0,1.0
2006-06-01,8.04,6.71,1.33,-6.71,2.05,0.35,80.25,56.99,4.83,81.4,82.84,62.68,1.0,3.84,2.05,2.03,-1.81,6.38,-0.04,132.7,79.14,5.01,88.71,83.56,3.32,-1.0,4.29,1.42,3.24,-1.05,5.9,0.18,147.83,75.91,4.76,84.37,80.99,11.24,-1.0,4.64,2.42,2.54,-2.1,5.38,-0.07,142.46,72.44,4.54,82.17,79.3,13.75,-1.0,1.0
2006-07-01,7.09,5.04,1.92,-5.17,1.54,0.23,34.66,55.9,4.62,76.04,80.57,52.77,1.0,8.04,6.71,1.33,-6.71,2.05,0.35,80.25,56.99,4.83,81.4,82.84,62.68,1.0,3.84,2.05,2.03,-1.81,6.38,-0.04,132.7,79.14,5.01,88.71,83.56,3.32,-1.0,4.29,1.42,3.24,-1.05,5.9,0.18,147.83,75.91,4.76,84.37,80.99,11.24,-1.0,1.0
2006-08-01,5.75,5.04,0.86,-4.89,1.79,-0.22,21.23,58.28,4.45,71.0,77.38,47.32,1.0,7.09,5.04,1.92,-5.17,1.54,0.23,34.66,55.9,4.62,76.04,80.57,52.77,1.0,8.04,6.71,1.33,-6.71,2.05,0.35,80.25,56.99,4.83,81.4,82.84,62.68,1.0,3.84,2.05,2.03,-1.81,6.38,-0.04,132.7,79.14,5.01,88.71,83.56,3.32,-1.0,1.0
2006-09-01,4.76,1.06,3.19,-1.57,3.87,-0.16,89.28,68.3,4.48,73.79,76.18,20.65,1.0,5.75,5.04,0.86,-4.89,1.79,-0.22,21.23,58.28,4.45,71.0,77.38,47.32,1.0,7.09,5.04,1.92,-5.17,1.54,0.23,34.66,55.9,4.62,76.04,80.57,52.77,1.0,8.04,6.71,1.33,-6.71,2.05,0.35,80.25,56.99,4.83,81.4,82.84,62.68,1.0,1.0
2006-10-01,4.64,1.79,3.35,-1.29,5.76,-0.04,143.02,75.69,4.69,81.35,77.91,3.52,1.0,4.76,1.06,3.19,-1.57,3.87,-0.16,89.28,68.3,4.48,73.79,76.18,20.65,1.0,5.75,5.04,0.86,-4.89,1.79,-0.22,21.23,58.28,4.45,71.0,77.38,47.32,1.0,7.09,5.04,1.92,-5.17,1.54,0.23,34.66,55.9,4.62,76.04,80.57,52.77,1.0,1.0
2006-11-01,6.35,0.89,5.42,-0.93,8.44,0.06,197.39,82.64,5.14,85.15,80.32,7.26,1.0,4.64,1.79,3.35,-1.29,5.76,-0.04,143.02,75.69,4.69,81.35,77.91,3.52,1.0,4.76,1.06,3.19,-1.57,3.87,-0.16,89.28,68.3,4.48,73.79,76.18,20.65,1.0,5.75,5.04,0.86,-4.89,1.79,-0.22,21.23,58.28,4.45,71.0,77.38,47.32,1.0,1.0
2006-12-01,5.54,2.6,3.37,-2.17,9.46,0.04,197.17,85.81,5.65,88.98,83.21,3.35,1.0,6.35,0.89,5.42,-0.93,8.44,0.06,197.39,82.64,5.14,85.15,80.32,7.26,1.0,4.64,1.79,3.35,-1.29,5.76,-0.04,143.02,75.69,4.69,81.35,77.91,3.52,1.0,4.76,1.06,3.19,-1.57,3.87,-0.16,89.28,68.3,4.48,73.79,76.18,20.65,1.0,1.0
2007-01-01,4.27,1.56,2.71,-1.56,8.93,-0.19,182.22,86.95,6.08,90.07,85.49,7.77,1.0,5.54,2.6,3.37,-2.17,9.46,0.04,197.17,85.81,5.65,88.98,83.21,3.35,1.0,6.35,0.89,5.42,-0.93,8.44,0.06,197.39,82.64,5.14,85.15,80.32,7.26,1.0,4.64,1.79,3.35,-1.29,5.76,-0.04,143.02,75.69,4.69,81.35,77.91,3.52,1.0,1.0
2007-02-01,3.88,2.0,2.51,-1.37,9.36,0.1,153.19,89.01,6.51,92.8,87.93,2.13,1.0,4.27,1.56,2.71,-1.56,8.93,-0.19,182.22,86.95,6.08,90.07,85.49,7.77,1.0,5.54,2.6,3.37,-2.17,9.46,0.04,197.17,85.81,5.65,88.98,83.21,3.35,1.0,6.35,0.89,5.42,-0.93,8.44,0.06,197.39,82.64,5.14,85.15,80.32,7.26,1.0,1.0
2007-03-01,7.42,5.15,2.67,-4.75,5.53,0.12,115.34,71.13,6.55,87.6,87.82,32.16,1.0,3.88,2.0,2.51,-1.37,9.36,0.1,153.19,89.01,6.51,92.8,87.93,2.13,1.0,4.27,1.56,2.71,-1.56,8.93,-0.19,182.22,86.95,6.08,90.07,85.49,7.77,1.0,5.54,2.6,3.37,-2.17,9.46,0.04,197.17,85.81,5.65,88.98,83.21,3.35,1.0,1.0
2007-04-01,7.06,2.59,2.88,-4.18,5.58,0.95,82.81,73.55,6.59,85.6,87.08,32.1,1.0,7.42,5.15,2.67,-4.75,5.53,0.12,115.34,71.13,6.55,87.6,87.82,32.16,1.0,3.88,2.0,2.51,-1.37,9.36,0.1,153.19,89.01,6.51,92.8,87.93,2.13,1.0,4.27,1.56,2.71,-1.56,8.93,-0.19,182.22,86.95,6.08,90.07,85.49,7.77,1.0,-1.0
2007-05-01,8.32,0.68,7.8,-0.52,10.05,-0.39,122.98,83.38,7.05,88.26,87.47,10.65,-1.0,7.06,2.59,2.88,-4.18,5.58,0.95,82.81,73.55,6.59,85.6,87.08,32.1,1.0,7.42,5.15,2.67,-4.75,5.53,0.12,115.34,71.13,6.55,87.6,87.82,32.16,1.0,3.88,2.0,2.51,-1.37,9.36,0.1,153.19,89.01,6.51,92.8,87.93,2.13,1.0,-1.0
2007-06-01,6.22,0.75,5.6,-0.62,12.76,0.4,147.07,87.75,7.73,91.4,88.78,3.33,-1.0,8.32,0.68,7.8,-0.52,10.05,-0.39,122.98,83.38,7.05,88.26,87.47,10.65,-1.0,7.06,2.59,2.88,-4.18,5.58,0.95,82.81,73.55,6.59,85.6,87.08,32.1,1.0,7.42,5.15,2.67,-4.75,5.53,0.12,115.34,71.13,6.55,87.6,87.82,32.16,1.0,1.0
2007-07-01,6.34,5.82,1.08,-5.26,8.35,0.4,119.66,74.28,7.94,88.18,88.58,22.49,1.0,6.22,0.75,5.6,-0.62,12.76,0.4,147.07,87.75,7.73,91.4,88.78,3.33,-1.0,8.32,0.68,7.8,-0.52,10.05,-0.39,122.98,83.38,7.05,88.26,87.47,10.65,-1.0,7.06,2.59,2.88,-4.18,5.58,0.95,82.81,73.55,6.59,85.6,87.08,32.1,1.0,1.0
2007-08-01,10.49,5.83,5.1,-5.39,3.08,0.14,89.07,57.14,7.65,75.7,84.29,52.24,1.0,6.34,5.82,1.08,-5.26,8.35,0.4,119.66,74.28,7.94,88.18,88.58,22.49,1.0,6.22,0.75,5.6,-0.62,12.76,0.4,147.07,87.75,7.73,91.4,88.78,3.33,-1.0,8.32,0.68,7.8,-0.52,10.05,-0.39,122.98,83.38,7.05,88.26,87.47,10.65,-1.0,-1.0
2007-09-01,13.59,8.18,4.87,-8.72,4.19,0.55,46.3,61.39,7.47,69.71,79.43,42.28,-1.0,10.49,5.83,5.1,-5.39,3.08,0.14,89.07,57.14,7.65,75.7,84.29,52.24,1.0,6.34,5.82,1.08,-5.26,8.35,0.4,119.66,74.28,7.94,88.18,88.58,22.49,1.0,6.22,0.75,5.6,-0.62,12.76,0.4,147.07,87.75,7.73,91.4,88.78,3.33,-1.0,-1.0
2007-10-01,10.06,3.12,6.8,-3.26,7.77,-0.52,96.96,70.69,7.65,74.57,77.81,15.92,-1.0,13.59,8.18,4.87,-8.72,4.19,0.55,46.3,61.39,7.47,69.71,79.43,42.28,-1.0,10.49,5.83,5.1,-5.39,3.08,0.14,89.07,57.14,7.65,75.7,84.29,52.24,1.0,6.34,5.82,1.08,-5.26,8.35,0.4,119.66,74.28,7.94,88.18,88.58,22.49,1.0,-1.0
2007-11-01,8.86,3.94,4.94,-3.92,8.32,0.3,118.96,73.82,7.87,78.44,78.02,13.99,-1.0,10.06,3.12,6.8,-3.26,7.77,-0.52,96.96,70.69,7.65,74.57,77.81,15.92,-1.0,13.59,8.18,4.87,-8.72,4.19,0.55,46.3,61.39,7.47,69.71,79.43,42.28,-1.0,10.49,5.83,5.1,-5.39,3.08,0.14,89.07,57.14,7.65,75.7,84.29,52.24,1.0,-1.0
2007-12-01,12.75,12.63,-1.24,-13.99,1.97,0.42,31.21,53.82,7.47,71.41,75.81,43.18,-1.0,8.86,3.94,4.94,-3.92,8.32,0.3,118.96,73.82,7.87,78.44,78.02,13.99,-1.0,10.06,3.12,6.8,-3.26,7.77,-0.52,96.96,70.69,7.65,74.57,77.81,15.92,-1.0,13.59,8.18,4.87,-8.72,4.19,0.55,46.3,61.39,7.47,69.71,79.43,42.28,-1.0,-1.0
2008-01-01,8.93,4.23,4.23,-4.7,-0.4,-0.4,24.09,47.5,6.88,62.57,71.4,55.12,-1.0,12.75,12.63,-1.24,-13.99,1.97,0.42,31.21,53.82,7.47,71.41,75.81,43.18,-1.0,8.86,3.94,4.94,-3.92,8.32,0.3,118.96,73.82,7.87,78.44,78.02,13.99,-1.0,10.06,3.12,6.8,-3.26,7.77,-0.52,96.96,70.69,7.65,74.57,77.81,15.92,-1.0,1.0
2008-02-01,20.99,20.53,0.78,-20.21,-7.82,0.85,-155.65,31.49,5.63,53.73,65.51,63.93,1.0,8.93,4.23,4.23,-4.7,-0.4,-0.4,24.09,47.5,6.88,62.57,71.4,55.12,-1.0,12.75,12.63,-1.24,-13.99,1.97,0.42,31.21,53.82,7.47,71.41,75.81,43.18,-1.0,8.86,3.94,4.94,-3.92,8.32,0.3,118.96,73.82,7.87,78.44,78.02,13.99,-1.0,-1.0
2008-03-01,7.88,6.21,2.24,-5.64,-9.62,-0.32,-157.17,27.09,4.31,44.09,58.37,75.19,-1.0,20.99,20.53,0.78,-20.21,-7.82,0.85,-155.65,31.49,5.63,53.73,65.51,63.93,1.0,8.93,4.23,4.23,-4.7,-0.4,-0.4,24.09,47.5,6.88,62.57,71.4,55.12,-1.0,12.75,12.63,-1.24,-13.99,1.97,0.42,31.21,53.82,7.47,71.41,75.81,43.18,-1.0,-1.0
2008-04-01,9.74,7.07,1.99,-7.75,-9.71,0.32,-165.63,24.92,3.08,35.71,50.82,81.06,-1.0,7.88,6.21,2.24,-5.64,-9.62,-0.32,-157.17,27.09,4.31,44.09,58.37,75.19,-1.0,20.99,20.53,0.78,-20.21,-7.82,0.85,-155.65,31.49,5.63,53.73,65.51,63.93,1.0,8.93,4.23,4.23,-4.7,-0.4,-0.4,24.09,47.5,6.88,62.57,71.4,55.12,-1.0,-1.0
2008-05-01,8.26,1.28,8.62,0.36,-2.89,-0.27,-83.76,43.45,2.58,36.77,46.13,55.27,-1.0,9.74,7.07,1.99,-7.75,-9.71,0.32,-165.63,24.92,3.08,35.71,50.82,81.06,-1.0,7.88,6.21,2.24,-5.64,-9.62,-0.32,-157.17,27.09,4.31,44.09,58.37,75.19,-1.0,20.99,20.53,0.78,-20.21,-7.82,0.85,-155.65,31.49,5.63,53.73,65.51,63.93,1.0,-1.0
2008-06-01,6.78,0.86,6.04,-0.74,-0.68,-0.09,-42.44,48.52,2.32,39.69,43.99,46.63,-1.0,8.26,1.28,8.62,0.36,-2.89,-0.27,-83.76,43.45,2.58,36.77,46.13,55.27,-1.0,9.74,7.07,1.99,-7.75,-9.71,0.32,-165.63,24.92,3.08,35.71,50.82,81.06,-1.0,7.88,6.21,2.24,-5.64,-9.62,-0.32,-157.17,27.09,4.31,44.09,58.37,75.19,-1.0,-1.0
2008-07-01,13.85,12.79,0.54,-13.31,-11.04,0.48,-111.93,29.65,1.11,28.55,38.84,90.57,-1.0,6.78,0.86,6.04,-0.74,-0.68,-0.09,-42.44,48.52,2.32,39.69,43.99,46.63,-1.0,8.26,1.28,8.62,0.36,-2.89,-0.27,-83.76,43.45,2.58,36.77,46.13,55.27,-1.0,9.74,7.07,1.99,-7.75,-9.71,0.32,-165.63,24.92,3.08,35.71,50.82,81.06,-1.0,-1.0
2008-08-01,9.14,6.5,1.18,-7.96,-10.31,0.32,-143.3,28.42,0.05,25.83,34.51,71.95,-1.0,13.85,12.79,0.54,-13.31,-11.04,0.48,-111.93,29.65,1.11,28.55,38.84,90.57,-1.0,6.78,0.86,6.04,-0.74,-0.68,-0.09,-42.44,48.52,2.32,39.69,43.99,46.63,-1.0,8.26,1.28,8.62,0.36,-2.89,-0.27,-83.76,43.45,2.58,36.77,46.13,55.27,-1.0,-1.0
2008-09-01,6.75,2.36,4.68,-2.07,-7.07,-0.39,-100.45,34.03,-0.62,26.12,31.71,63.88,-1.0,9.14,6.5,1.18,-7.96,-10.31,0.32,-143.3,28.42,0.05,25.83,34.51,71.95,-1.0,13.85,12.79,0.54,-13.31,-11.04,0.48,-111.93,29.65,1.11,28.55,38.84,90.57,-1.0,6.78,0.86,6.04,-0.74,-0.68,-0.09,-42.44,48.52,2.32,39.69,43.99,46.63,-1.0,-1.0
2008-10-01,20.18,19.5,1.92,-18.26,-16.81,0.87,-151.26,21.08,-2.16,22.4,28.61,83.83,-1.0,6.75,2.36,4.68,-2.07,-7.07,-0.39,-100.45,34.03,-0.62,26.12,31.71,63.88,-1.0,9.14,6.5,1.18,-7.96,-10.31,0.32,-143.3,28.42,0.05,25.83,34.51,71.95,-1.0,13.85,12.79,0.54,-13.31,-11.04,0.48,-111.93,29.65,1.11,28.55,38.84,90.57,-1.0,-1.0
2008-11-01,33.11,31.69,0.7,-32.41,-30.44,0.47,-229.16,12.52,-4.87,22.21,26.47,78.18,-1.0,20.18,19.5,1.92,-18.26,-16.81,0.87,-151.26,21.08,-2.16,22.4,28.61,83.83,-1.0,6.75,2.36,4.68,-2.07,-7.07,-0.39,-100.45,34.03,-0.62,26.12,31.71,63.88,-1.0,9.14,6.5,1.18,-7.96,-10.31,0.32,-143.3,28.42,0.05,25.83,34.51,71.95,-1.0,-1.0
2008-12-01,26.52,22.44,4.03,-22.49,-31.46,-0.26,-215.14,10.69,-7.47,22.31,25.09,76.33,-1.0,33.11,31.69,0.7,-32.41,-30.44,0.47,-229.16,12.52,-4.87,22.21,26.47,78.18,-1.0,20.18,19.5,1.92,-18.26,-16.81,0.87,-151.26,21.08,-2.16,22.4,28.61,83.83,-1.0,6.75,2.36,4.68,-2.07,-7.07,-0.39,-100.45,34.03,-0.62,26.12,31.71,63.88,-1.0,-1.0
2009-01-01,10.57,5.65,2.34,-8.23,-26.49,-0.21,-162.21,11.04,-9.42,22.45,24.21,72.19,-1.0,26.52,22.44,4.03,-22.49,-31.46,-0.26,-215.14,10.69,-7.47,22.31,25.09,76.33,-1.0,33.11,31.69,0.7,-32.41,-30.44,0.47,-229.16,12.52,-4.87,22.21,26.47,78.18,-1.0,20.18,19.5,1.92,-18.26,-16.81,0.87,-151.26,21.08,-2.16,22.4,28.61,83.83,-1.0,1.0
2009-02-01,14.4,10.39,4.21,-10.19,-28.69,-0.01,-131.94,8.97,-11.42,19.01,22.48,85.15,1.0,10.57,5.65,2.34,-8.23,-26.49,-0.21,-162.21,11.04,-9.42,22.45,24.21,72.19,-1.0,26.52,22.44,4.03,-22.49,-31.46,-0.26,-215.14,10.69,-7.47,22.31,25.09,76.33,-1.0,33.11,31.69,0.7,-32.41,-30.44,0.47,-229.16,12.52,-4.87,22.21,26.47,78.18,-1.0,1.0
2009-03-01,13.93,7.76,4.91,-9.02,-31.8,0.06,-124.82,7.06,-13.57,12.73,19.23,99.79,1.0,14.4,10.39,4.21,-10.19,-28.69,-0.01,-131.94,8.97,-11.42,19.01,22.48,85.15,1.0,10.57,5.65,2.34,-8.23,-26.49,-0.21,-162.21,11.04,-9.42,22.45,24.21,72.19,-1.0,26.52,22.44,4.03,-22.49,-31.46,-0.26,-215.14,10.69,-7.47,22.31,25.09,76.33,-1.0,1.0
2009-04-01,16.2,5.42,9.37,-6.83,-22.18,0.21,-106.36,19.9,-14.66,14.92,17.79,74.95,1.0,13.93,7.76,4.91,-9.02,-31.8,0.06,-124.82,7.06,-13.57,12.73,19.23,99.79,1.0,14.4,10.39,4.21,-10.19,-28.69,-0.01,-131.94,8.97,-11.42,19.01,22.48,85.15,1.0,10.57,5.65,2.34,-8.23,-26.49,-0.21,-162.21,11.04,-9.42,22.45,24.21,72.19,-1.0,1.0
2009-05-01,10.69,0.2,9.5,-1.19,-12.08,-0.32,-69.66,35.11,-14.71,20.46,18.68,39.81,1.0,16.2,5.42,9.37,-6.83,-22.18,0.21,-106.36,19.9,-14.66,14.92,17.79,74.95,1.0,13.93,7.76,4.91,-9.02,-31.8,0.06,-124.82,7.06,-13.57,12.73,19.23,99.79,1.0,14.4,10.39,4.21,-10.19,-28.69,-0.01,-131.94,8.97,-11.42,19.01,22.48,85.15,1.0,1.0
2009-06-01,6.98,0.72,6.28,-0.7,-5.9,-0.14,-44.6,43.44,-14.18,26.97,21.44,7.02,1.0,10.69,0.2,9.5,-1.19,-12.08,-0.32,-69.66,35.11,-14.71,20.46,18.68,39.81,1.0,16.2,5.42,9.37,-6.83,-22.18,0.21,-106.36,19.9,-14.66,14.92,17.79,74.95,1.0,13.93,7.76,4.91,-9.02,-31.8,0.06,-124.82,7.06,-13.57,12.73,19.23,99.79,1.0,1.0
2009-07-01,7.26,4.82,3.58,-3.68,-5.48,-0.03,-34.15,42.7,-13.65,34.68,25.86,14.34,1.0,6.98,0.72,6.28,-0.7,-5.9,-0.14,-44.6,43.44,-14.18,26.97,21.44,7.02,1.0,10.69,0.2,9.5,-1.19,-12.08,-0.32,-69.66,35.11,-14.71,20.46,18.68,39.81,1.0,16.2,5.42,9.37,-6.83,-22.18,0.21,-106.36,19.9,-14.66,14.92,17.79,74.95,1.0,1.0
2009-08-01,12.83,5.34,7.88,-4.95,1.16,-0.15,-15.78,53.94,-12.53,54.43,35.38,3.12,1.0,7.26,4.82,3.58,-3.68,-5.48,-0.03,-34.15,42.7,-13.65,34.68,25.86,14.34,1.0,6.98,0.72,6.28,-0.7,-5.9,-0.14,-44.6,43.44,-14.18,26.97,21.44,7.02,1.0,10.69,0.2,9.5,-1.19,-12.08,-0.32,-69.66,35.11,-14.71,20.46,18.68,39.81,1.0,1.0
2009-09-01,6.24,1.74,5.54,-0.7,4.07,-0.08,25.48,59.06,-11.21,67.93,46.23,5.07,1.0,12.83,5.34,7.88,-4.95,1.16,-0.15,-15.78,53.94,-12.53,54.43,35.38,3.12,1.0,7.26,4.82,3.58,-3.68,-5.48,-0.03,-34.15,42.7,-13.65,34.68,25.86,14.34,1.0,6.98,0.72,6.28,-0.7,-5.9,-0.14,-44.6,43.44,-14.18,26.97,21.44,7.02,1.0,1.0
2009-10-01,8.49,2.38,5.6,-2.89,6.1,-0.05,56.04,63.27,-9.81,76.61,56.36,8.31,1.0,6.24,1.74,5.54,-0.7,4.07,-0.08,25.48,59.06,-11.21,67.93,46.23,5.07,1.0,12.83,5.34,7.88,-4.95,1.16,-0.15,-15.78,53.94,-12.53,54.43,35.38,3.12,1.0,7.26,4.82,3.58,-3.68,-5.48,-0.03,-34.15,42.7,-13.65,34.68,25.86,14.34,1.0,1.0
2009-11-01,8.32,1.01,4.72,-3.6,3.44,0.19,86.49,58.58,-8.76,79.2,63.97,28.61,1.0,8.49,2.38,5.6,-2.89,6.1,-0.05,56.04,63.27,-9.81,76.61,56.36,8.31,1.0,6.24,1.74,5.54,-0.7,4.07,-0.08,25.48,59.06,-11.21,67.93,46.23,5.07,1.0,12.83,5.34,7.88,-4.95,1.16,-0.15,-15.78,53.94,-12.53,54.43,35.38,3.12,1.0,1.0
2009-12-01,8.66,1.05,8.18,-0.48,8.31,-0.23,126.58,67.63,-7.33,84.79,70.91,7.28,1.0,8.32,1.01,4.72,-3.6,3.44,0.19,86.49,58.58,-8.76,79.2,63.97,28.61,1.0,8.49,2.38,5.6,-2.89,6.1,-0.05,56.04,63.27,-9.81,76.61,56.36,8.31,1.0,6.24,1.74,5.54,-0.7,4.07,-0.08,25.48,59.06,-11.21,67.93,46.23,5.07,1.0,1.0
2010-01-01,4.01,1.9,3.09,-0.92,8.3,-0.16,127.77,69.5,-6.0,88.33,76.72,6.11,1.0,8.66,1.05,8.18,-0.48,8.31,-0.23,126.58,67.63,-7.33,84.79,70.91,7.28,1.0,8.32,1.01,4.72,-3.6,3.44,0.19,86.49,58.58,-8.76,79.2,63.97,28.61,1.0,8.49,2.38,5.6,-2.89,6.1,-0.05,56.04,63.27,-9.81,76.61,56.36,8.31,1.0,1.0
2010-02-01,7.92,5.15,3.7,-4.22,3.6,0.29,98.91,58.51,-5.22,83.13,78.86,45.51,1.0,4.01,1.9,3.09,-0.92,8.3,-0.16,127.77,69.5,-6.0,88.33,76.72,6.11,1.0,8.66,1.05,8.18,-0.48,8.31,-0.23,126.58,67.63,-7.33,84.79,70.91,7.28,1.0,8.32,1.01,4.72,-3.6,3.44,0.19,86.49,58.58,-8.76,79.2,63.97,28.61,1.0,-1.0
2010-03-01,7.0,3.57,4.19,-2.81,5.88,0.2,78.72,64.14,-4.28,83.54,80.42,28.26,-1.0,7.92,5.15,3.7,-4.22,3.6,0.29,98.91,58.51,-5.22,83.13,78.86,45.51,1.0,4.01,1.9,3.09,-0.92,8.3,-0.16,127.77,69.5,-6.0,88.33,76.72,6.11,1.0,8.66,1.05,8.18,-0.48,8.31,-0.23,126.58,67.63,-7.33,84.79,70.91,7.28,1.0,-1.0
2010-04-01,7.0,0.03,7.43,0.43,10.27,-0.12,104.18,72.51,-2.99,87.78,82.87,7.23,-1.0,7.0,3.57,4.19,-2.81,5.88,0.2,78.72,64.14,-4.28,83.54,80.42,28.26,-1.0,7.92,5.15,3.7,-4.22,3.6,0.29,98.91,58.51,-5.22,83.13,78.86,45.51,1.0,4.01,1.9,3.09,-0.92,8.3,-0.16,127.77,69.5,-6.0,88.33,76.72,6.11,1.0,-1.0
2010-05-01,5.02,0.7,5.12,0.1,10.22,-0.0,119.36,74.57,-1.81,87.26,84.33,17.38,-1.0,7.0,0.03,7.43,0.43,10.27,-0.12,104.18,72.51,-2.99,87.78,82.87,7.23,-1.0,7.0,3.57,4.19,-2.81,5.88,0.2,78.72,64.14,-4.28,83.54,80.42,28.26,-1.0,7.92,5.15,3.7,-4.22,3.6,0.29,98.91,58.51,-5.22,83.13,78.86,45.51,1.0,1.0
2010-06-01,16.3,15.0,1.87,-14.43,0.66,0.91,60.19,50.77,-1.61,72.66,80.44,71.87,1.0,5.02,0.7,5.12,0.1,10.22,-0.0,119.36,74.57,-1.81,87.26,84.33,17.38,-1.0,7.0,0.03,7.43,0.43,10.27,-0.12,104.18,72.51,-2.99,87.78,82.87,7.23,-1.0,7.0,3.57,4.19,-2.81,5.88,0.2,78.72,64.14,-4.28,83.54,80.42,28.26,-1.0,1.0
2010-07-01,10.32,5.47,3.83,-6.49,-4.64,-0.23,6.87,40.63,-1.93,50.47,70.45,98.23,1.0,16.3,15.0,1.87,-14.43,0.66,0.91,60.19,50.77,-1.61,72.66,80.44,71.87,1.0,5.02,0.7,5.12,0.1,10.22,-0.0,119.36,74.57,-1.81,87.26,84.33,17.38,-1.0,7.0,0.03,7.43,0.43,10.27,-0.12,104.18,72.51,-2.99,87.78,82.87,7.23,-1.0,1.0
2010-08-01,11.16,2.02,9.07,-2.09,2.04,-0.17,11.66,53.42,-1.59,48.16,63.02,56.46,1.0,10.32,5.47,3.83,-6.49,-4.64,-0.23,6.87,40.63,-1.93,50.47,70.45,98.23,1.0,16.3,15.0,1.87,-14.43,0.66,0.91,60.19,50.77,-1.61,72.66,80.44,71.87,1.0,5.02,0.7,5.12,0.1,10.22,-0.0,119.36,74.57,-1.81,87.26,84.33,17.38,-1.0,1.0
2010-09-01,8.89,7.7,2.91,-5.98,-2.47,-0.04,-8.0,45.2,-1.71,38.75,54.93,80.09,1.0,11.16,2.02,9.07,-2.09,2.04,-0.17,11.66,53.42,-1.59,48.16,63.02,56.46,1.0,10.32,5.47,3.83,-6.49,-4.64,-0.23,6.87,40.63,-1.93,50.47,70.45,98.23,1.0,16.3,15.0,1.87,-14.43,0.66,0.91,60.19,50.77,-1.61,72.66,80.44,71.87,1.0,1.0
2010-10-01,9.13,0.07,10.48,1.35,5.37,-0.11,56.94,58.75,-1.08,46.48,52.11,38.07,1.0,8.89,7.7,2.91,-5.98,-2.47,-0.04,-8.0,45.2,-1.71,38.75,54.93,80.09,1.0,11.16,2.02,9.07,-2.09,2.04,-0.17,11.66,53.42,-1.59,48.16,63.02,56.46,1.0,10.32,5.47,3.83,-6.49,-4.64,-0.23,6.87,40.63,-1.93,50.47,70.45,98.23,1.0,1.0
2010-11-01,6.58,1.81,5.63,-0.95,8.23,-0.07,129.08,64.03,-0.22,58.55,54.26,11.2,1.0,9.13,0.07,10.48,1.35,5.37,-0.11,56.94,58.75,-1.08,46.48,52.11,38.07,1.0,8.89,7.7,2.91,-5.98,-2.47,-0.04,-8.0,45.2,-1.71,38.75,54.93,80.09,1.0,11.16,2.02,9.07,-2.09,2.04,-0.17,11.66,53.42,-1.59,48.16,63.02,56.46,1.0,1.0
2010-12-01,5.36,1.48,4.46,-0.9,6.97,0.06,144.92,64.03,0.45,65.56,58.02,20.44,1.0,6.58,1.81,5.63,-0.95,8.23,-0.07,129.08,64.03,-0.22,58.55,54.26,11.2,1.0,9.13,0.07,10.48,1.35,5.37,-0.11,56.94,58.75,-1.08,46.48,52.11,38.07,1.0,8.89,7.7,2.91,-5.98,-2.47,-0.04,-8.0,45.2,-1.71,38.75,54.93,80.09,1.0,1.0
2011-01-01,6.01,0.01,7.71,1.7,12.04,-0.32,166.08,72.47,1.55,76.44,64.16,1.79,1.0,5.36,1.48,4.46,-0.9,6.97,0.06,144.92,64.03,0.45,65.56,58.02,20.44,1.0,6.58,1.81,5.63,-0.95,8.23,-0.07,129.08,64.03,-0.22,58.55,54.26,11.2,1.0,9.13,0.07,10.48,1.35,5.37,-0.11,56.94,58.75,-1.08,46.48,52.11,38.07,1.0,1.0
2011-02-01,4.65,1.01,4.6,-0.05,12.66,0.05,170.1,75.28,2.63,82.39,70.24,6.41,1.0,6.01,0.01,7.71,1.7,12.04,-0.32,166.08,72.47,1.55,76.44,64.16,1.79,1.0,5.36,1.48,4.46,-0.9,6.97,0.06,144.92,64.03,0.45,65.56,58.02,20.44,1.0,6.58,1.81,5.63,-0.95,8.23,-0.07,129.08,64.03,-0.22,58.55,54.26,11.2,1.0,-1.0
2011-03-01,5.31,0.08,6.01,0.7,14.5,-0.01,167.9,79.17,3.8,86.73,75.73,5.49,-1.0,4.65,1.01,4.6,-0.05,12.66,0.05,170.1,75.28,2.63,82.39,70.24,6.41,1.0,6.01,0.01,7.71,1.7,12.04,-0.32,166.08,72.47,1.55,76.44,64.16,1.79,1.0,5.36,1.48,4.46,-0.9,6.97,0.06,144.92,64.03,0.45,65.56,58.02,20.44,1.0,-1.0
2011-04-01,8.41,8.29,0.54,-7.87,11.79,0.7,122.01,77.34,4.63,89.07,80.18,9.76,-1.0,5.31,0.08,6.01,0.7,14.5,-0.01,167.9,79.17,3.8,86.73,75.73,5.49,-1.0,4.65,1.01,4.6,-0.05,12.66,0.05,170.1,75.28,2.63,82.39,70.24,6.41,1.0,6.01,0.01,7.71,1.7,12.04,-0.32,166.08,72.47,1.55,76.44,64.16,1.79,1.0,-1.0
2011-05-01,7.06,3.9,3.98,-3.08,13.23,-0.41,128.1,80.96,5.54,92.57,84.31,0.74,-1.0,8.41,8.29,0.54,-7.87,11.79,0.7,122.01,77.34,4.63,89.07,80.18,9.76,-1.0,5.31,0.08,6.01,0.7,14.5,-0.01,167.9,79.17,3.8,86.73,75.73,5.49,-1.0,4.65,1.01,4.6,-0.05,12.66,0.05,170.1,75.28,2.63,82.39,70.24,6.41,1.0,-1.0
2011-06-01,5.8,5.69,0.75,-5.05,9.9,0.19,106.94,75.21,6.06,92.55,87.06,13.42,-1.0,7.06,3.9,3.98,-3.08,13.23,-0.41,128.1,80.96,5.54,92.57,84.31,0.74,-1.0,8.41,8.29,0.54,-7.87,11.79,0.7,122.01,77.34,4.63,89.07,80.18,9.76,-1.0,5.31,0.08,6.01,0.7,14.5,-0.01,167.9,79.17,3.8,86.73,75.73,5.49,-1.0,-1.0
2011-07-01,8.73,8.32,0.02,-8.71,5.9,0.41,68.97,64.66,6.17,87.8,87.3,43.78,-1.0,5.8,5.69,0.75,-5.05,9.9,0.19,106.94,75.21,6.06,92.55,87.06,13.42,-1.0,7.06,3.9,3.98,-3.08,13.23,-0.41,128.1,80.96,5.54,92.57,84.31,0.74,-1.0,8.41,8.29,0.54,-7.87,11.79,0.7,122.01,77.34,4.63,89.07,80.18,9.76,-1.0,-1.0
2011-08-01,7.73,4.12,3.73,-4.0,2.76,-0.18,60.22,56.15,5.97,78.51,84.37,65.97,-1.0,8.73,8.32,0.02,-8.71,5.9,0.41,68.97,64.66,6.17,87.8,87.3,43.78,-1.0,5.8,5.69,0.75,-5.05,9.9,0.19,106.94,75.21,6.06,92.55,87.06,13.42,-1.0,7.06,3.9,3.98,-3.08,13.23,-0.41,128.1,80.96,5.54,92.57,84.31,0.74,-1.0,1.0
2011-09-01,20.69,20.57,1.63,-19.06,-3.68,1.36,-20.94,39.39,5.18,67.14,78.63,55.59,1.0,7.73,4.12,3.73,-4.0,2.76,-0.18,60.22,56.15,5.97,78.51,84.37,65.97,-1.0,8.73,8.32,0.02,-8.71,5.9,0.41,68.97,64.66,6.17,87.8,87.3,43.78,-1.0,5.8,5.69,0.75,-5.05,9.9,0.19,106.94,75.21,6.06,92.55,87.06,13.42,-1.0,1.0
2011-10-01,12.1,10.99,1.18,-10.92,-10.79,-0.32,-74.48,27.03,3.78,48.33,68.53,89.3,1.0,20.69,20.57,1.63,-19.06,-3.68,1.36,-20.94,39.39,5.18,67.14,78.63,55.59,1.0,7.73,4.12,3.73,-4.0,2.76,-0.18,60.22,56.15,5.97,78.51,84.37,65.97,-1.0,8.73,8.32,0.02,-8.71,5.9,0.41,68.97,64.66,6.17,87.8,87.3,43.78,-1.0,1.0
2011-11-01,21.99,5.06,16.27,-5.72,1.32,-0.08,-45.34,51.76,3.62,52.47,63.17,39.26,1.0,12.1,10.99,1.18,-10.92,-10.79,-0.32,-74.48,27.03,3.78,48.33,68.53,89.3,1.0,20.69,20.57,1.63,-19.06,-3.68,1.36,-20.94,39.39,5.18,67.14,78.63,55.59,1.0,7.73,4.12,3.73,-4.0,2.76,-0.18,60.22,56.15,5.97,78.51,84.37,65.97,-1.0,1.0
2011-12-01,11.82,5.83,2.52,-9.3,0.68,-0.12,-33.9,50.9,3.42,54.65,60.33,37.88,1.0,21.99,5.06,16.27,-5.72,1.32,-0.08,-45.34,51.76,3.62,52.47,63.17,39.26,1.0,12.1,10.99,1.18,-10.92,-10.79,-0.32,-74.48,27.03,3.78,48.33,68.53,89.3,1.0,20.69,20.57,1.63,-19.06,-3.68,1.36,-20.94,39.39,5.18,67.14,78.63,55.59,1.0,1.0
2012-01-01,7.23,4.82,2.27,-4.96,1.01,-0.23,-28.44,51.86,3.26,56.68,59.12,36.08,1.0,11.82,5.83,2.52,-9.3,0.68,-0.12,-33.9,50.9,3.42,54.65,60.33,37.88,1.0,21.99,5.06,16.27,-5.72,1.32,-0.08,-45.34,51.76,3.62,52.47,63.17,39.26,1.0,12.1,10.99,1.18,-10.92,-10.79,-0.32,-74.48,27.03,3.78,48.33,68.53,89.3,1.0,1.0
2012-02-01,6.97,1.33,7.9,0.93,5.78,-0.25,42.71,61.97,3.57,64.56,60.93,8.01,1.0,7.23,4.82,2.27,-4.96,1.01,-0.23,-28.44,51.86,3.26,56.68,59.12,36.08,1.0,11.82,5.83,2.52,-9.3,0.68,-0.12,-33.9,50.9,3.42,54.65,60.33,37.88,1.0,21.99,5.06,16.27,-5.72,1.32,-0.08,-45.34,51.76,3.62,52.47,63.17,39.26,1.0,-1.0
2012-03-01,6.06,0.16,6.87,0.81,9.71,0.0,101.91,69.51,4.22,75.1,65.65,3.8,-1.0,6.97,1.33,7.9,0.93,5.78,-0.25,42.71,61.97,3.57,64.56,60.93,8.01,1.0,7.23,4.82,2.27,-4.96,1.01,-0.23,-28.44,51.86,3.26,56.68,59.12,36.08,1.0,11.82,5.83,2.52,-9.3,0.68,-0.12,-33.9,50.9,3.42,54.65,60.33,37.88,1.0,-1.0
2012-04-01,7.47,2.95,4.81,-2.66,11.43,0.06,121.17,73.67,4.98,82.41,71.24,2.97,-1.0,6.06,0.16,6.87,0.81,9.71,0.0,101.91,69.51,4.22,75.1,65.65,3.8,-1.0,6.97,1.33,7.9,0.93,5.78,-0.25,42.71,61.97,3.57,64.56,60.93,8.01,1.0,7.23,4.82,2.27,-4.96,1.01,-0.23,-28.44,51.86,3.26,56.68,59.12,36.08,1.0,1.0
2012-05-01,6.45,4.88,1.4,-5.05,8.87,-0.01,111.64,70.79,5.45,86.03,76.17,9.0,1.0,7.47,2.95,4.81,-2.66,11.43,0.06,121.17,73.67,4.98,82.41,71.24,2.97,-1.0,6.06,0.16,6.87,0.81,9.71,0.0,101.91,69.51,4.22,75.1,65.65,3.8,-1.0,6.97,1.33,7.9,0.93,5.78,-0.25,42.71,61.97,3.57,64.56,60.93,8.01,1.0,1.0
2012-06-01,12.11,10.24,1.79,-10.32,0.4,0.32,50.26,49.9,5.08,80.4,77.58,48.42,1.0,6.45,4.88,1.4,-5.05,8.87,-0.01,111.64,70.79,5.45,86.03,76.17,9.0,1.0,7.47,2.95,4.81,-2.66,11.43,0.06,121.17,73.67,4.98,82.41,71.24,2.97,-1.0,6.06,0.16,6.87,0.81,9.71,0.0,101.91,69.51,4.22,75.1,65.65,3.8,-1.0,1.0
2012-07-01,9.13,2.27,4.8,-4.33,4.26,-0.09,39.86,58.08,5.11,81.07,78.74,38.72,1.0,12.11,10.24,1.79,-10.32,0.4,0.32,50.26,49.9,5.08,80.4,77.58,48.42,1.0,6.45,4.88,1.4,-5.05,8.87,-0.01,111.64,70.79,5.45,86.03,76.17,9.0,1.0,7.47,2.95,4.81,-2.66,11.43,0.06,121.17,73.67,4.98,82.41,71.24,2.97,-1.0,1.0
2012-08-01,6.74,3.88,3.24,-3.5,4.96,-0.21,74.08,60.76,5.2,81.62,79.7,29.86,1.0,9.13,2.27,4.8,-4.33,4.26,-0.09,39.86,58.08,5.11,81.07,78.74,38.72,1.0,12.11,10.24,1.79,-10.32,0.4,0.32,50.26,49.9,5.08,80.4,77.58,48.42,1.0,6.45,4.88,1.4,-5.05,8.87,-0.01,111.64,70.79,5.45,86.03,76.17,9.0,1.0,1.0
2012-09-01,7.51,3.12,5.38,-2.13,7.12,-0.16,96.72,66.29,5.48,84.95,81.45,12.1,1.0,6.74,3.88,3.24,-3.5,4.96,-0.21,74.08,60.76,5.2,81.62,79.7,29.86,1.0,9.13,2.27,4.8,-4.33,4.26,-0.09,39.86,58.08,5.11,81.07,78.74,38.72,1.0,12.11,10.24,1.79,-10.32,0.4,0.32,50.26,49.9,5.08,80.4,77.58,48.42,1.0,1.0
2012-10-01,7.98,0.91,6.95,-1.03,8.4,-0.01,115.08,70.37,5.87,83.6,82.17,19.74,1.0,7.51,3.12,5.38,-2.13,7.12,-0.16,96.72,66.29,5.48,84.95,81.45,12.1,1.0,6.74,3.88,3.24,-3.5,4.96,-0.21,74.08,60.76,5.2,81.62,79.7,29.86,1.0,9.13,2.27,4.8,-4.33,4.26,-0.09,39.86,58.08,5.11,81.07,78.74,38.72,1.0,1.0
2012-11-01,6.77,4.13,3.19,-3.58,4.89,0.14,95.43,61.98,5.9,78.32,80.89,32.24,1.0,7.98,0.91,6.95,-1.03,8.4,-0.01,115.08,70.37,5.87,83.6,82.17,19.74,1.0,7.51,3.12,5.38,-2.13,7.12,-0.16,96.72,66.29,5.48,84.95,81.45,12.1,1.0,6.74,3.88,3.24,-3.5,4.96,-0.21,74.08,60.76,5.2,81.62,79.7,29.86,1.0,1.0
2012-12-01,9.02,6.95,2.37,-6.65,4.82,0.12,63.6,63.57,5.91,76.08,79.28,28.42,1.0,6.77,4.13,3.19,-3.58,4.89,0.14,95.43,61.98,5.9,78.32,80.89,32.24,1.0,7.98,0.91,6.95,-1.03,8.4,-0.01,115.08,70.37,5.87,83.6,82.17,19.74,1.0,7.51,3.12,5.38,-2.13,7.12,-0.16,96.72,66.29,5.48,84.95,81.45,12.1,1.0,1.0
2013-01-01,6.04,3.26,3.43,-2.61,4.3,-0.05,83.77,64.15,5.88,74.99,77.85,36.75,1.0,9.02,6.95,2.37,-6.65,4.82,0.12,63.6,63.57,5.91,76.08,79.28,28.42,1.0,6.77,4.13,3.19,-3.58,4.89,0.14,95.43,61.98,5.9,78.32,80.89,32.24,1.0,7.98,0.91,6.95,-1.03,8.4,-0.01,115.08,70.37,5.87,83.6,82.17,19.74,1.0,1.0
2013-02-01,6.21,0.38,8.53,2.32,9.8,-0.1,148.61,76.73,6.37,81.59,79.1,7.64,1.0,6.04,3.26,3.43,-2.61,4.3,-0.05,83.77,64.15,5.88,74.99,77.85,36.75,1.0,9.02,6.95,2.37,-6.65,4.82,0.12,63.6,63.57,5.91,76.08,79.28,28.42,1.0,6.77,4.13,3.19,-3.58,4.89,0.14,95.43,61.98,5.9,78.32,80.89,32.24,1.0,1.0
2013-03-01,4.55,1.92,3.58,-0.97,9.91,-0.0,174.08,79.05,6.83,85.6,81.26,8.99,1.0,6.21,0.38,8.53,2.32,9.8,-0.1,148.61,76.73,6.37,81.59,79.1,7.64,1.0,6.04,3.26,3.43,-2.61,4.3,-0.05,83.77,64.15,5.88,74.99,77.85,36.75,1.0,9.02,6.95,2.37,-6.65,4.82,0.12,63.6,63.57,5.91,76.08,79.28,28.42,1.0,1.0
2013-04-01,6.44,0.68,5.24,-1.2,12.67,-0.1,177.2,84.08,7.52,90.15,84.23,0.81,1.0,4.55,1.92,3.58,-0.97,9.91,-0.0,174.08,79.05,6.83,85.6,81.26,8.99,1.0,6.21,0.38,8.53,2.32,9.8,-0.1,148.61,76.73,6.37,81.59,79.1,7.64,1.0,6.04,3.26,3.43,-2.61,4.3,-0.05,83.77,64.15,5.88,74.99,77.85,36.75,1.0,1.0
2013-05-01,6.17,3.04,3.05,-3.12,13.27,0.25,167.85,86.41,8.21,93.38,87.28,0.16,1.0,6.44,0.68,5.24,-1.2,12.67,-0.1,177.2,84.08,7.52,90.15,84.23,0.81,1.0,4.55,1.92,3.58,-0.97,9.91,-0.0,174.08,79.05,6.83,85.6,81.26,8.99,1.0,6.21,0.38,8.53,2.32,9.8,-0.1,148.61,76.73,6.37,81.59,79.1,7.64,1.0,1.0
2013-06-01,10.97,1.23,9.39,-1.58,14.41,-0.04,170.47,88.86,8.96,90.14,88.23,19.03,1.0,6.17,3.04,3.05,-3.12,13.27,0.25,167.85,86.41,8.21,93.38,87.28,0.16,1.0,6.44,0.68,5.24,-1.2,12.67,-0.1,177.2,84.08,7.52,90.15,84.23,0.81,1.0,4.55,1.92,3.58,-0.97,9.91,-0.0,174.08,79.05,6.83,85.6,81.26,8.99,1.0,1.0
2013-07-01,10.26,8.1,2.54,-7.72,9.63,0.27,115.61,75.7,9.21,85.04,87.17,35.54,1.0,10.97,1.23,9.39,-1.58,14.41,-0.04,170.47,88.86,8.96,90.14,88.23,19.03,1.0,6.17,3.04,3.05,-3.12,13.27,0.25,167.85,86.41,8.21,93.38,87.28,0.16,1.0,6.44,0.68,5.24,-1.2,12.67,-0.1,177.2,84.08,7.52,90.15,84.23,0.81,1.0,1.0
2013-08-01,9.64,1.04,9.44,-0.2,15.17,-0.34,132.62,83.65,9.96,88.93,87.75,5.44,1.0,10.26,8.1,2.54,-7.72,9.63,0.27,115.61,75.7,9.21,85.04,87.17,35.54,1.0,10.97,1.23,9.39,-1.58,14.41,-0.04,170.47,88.86,8.96,90.14,88.23,19.03,1.0,6.17,3.04,3.05,-3.12,13.27,0.25,167.85,86.41,8.21,93.38,87.28,0.16,1.0,1.0
2013-09-01,7.92,6.94,2.26,-5.66,8.55,-0.02,110.67,67.48,10.02,84.86,86.79,35.6,1.0,9.64,1.04,9.44,-0.2,15.17,-0.34,132.62,83.65,9.96,88.93,87.75,5.44,1.0,10.26,8.1,2.54,-7.72,9.63,0.27,115.61,75.7,9.21,85.04,87.17,35.54,1.0,10.97,1.23,9.39,-1.58,14.41,-0.04,170.47,88.86,8.96,90.14,88.23,19.03,1.0,1.0
2013-10-01,9.9,1.53,9.95,0.05,10.92,-0.02,110.4,72.9,10.31,83.45,85.68,27.88,1.0,7.92,6.94,2.26,-5.66,8.55,-0.02,110.67,67.48,10.02,84.86,86.79,35.6,1.0,9.64,1.04,9.44,-0.2,15.17,-0.34,132.62,83.65,9.96,88.93,87.75,5.44,1.0,10.26,8.1,2.54,-7.72,9.63,0.27,115.61,75.7,9.21,85.04,87.17,35.54,1.0,1.0
2013-11-01,12.98,3.61,9.5,-3.48,15.83,0.3,120.76,80.02,11.04,86.98,86.11,7.9,1.0,9.9,1.53,9.95,0.05,10.92,-0.02,110.4,72.9,10.31,83.45,85.68,27.88,1.0,7.92,6.94,2.26,-5.66,8.55,-0.02,110.67,67.48,10.02,84.86,86.79,35.6,1.0,9.64,1.04,9.44,-0.2,15.17,-0.34,132.62,83.65,9.96,88.93,87.75,5.44,1.0,1.0
2013-12-01,6.99,1.26,5.96,-1.03,17.8,-0.33,141.07,83.51,11.9,90.52,87.58,2.88,1.0,12.98,3.61,9.5,-3.48,15.83,0.3,120.76,80.02,11.04,86.98,86.11,7.9,1.0,9.9,1.53,9.95,0.05,10.92,-0.02,110.4,72.9,10.31,83.45,85.68,27.88,1.0,7.92,6.94,2.26,-5.66,8.55,-0.02,110.67,67.48,10.02,84.86,86.79,35.6,1.0,1.0
2014-01-01,7.37,3.77,3.69,-3.68,18.18,0.16,139.03,85.64,12.73,93.68,89.61,0.0,1.0,6.99,1.26,5.96,-1.03,17.8,-0.33,141.07,83.51,11.9,90.52,87.58,2.88,1.0,12.98,3.61,9.5,-3.48,15.83,0.3,120.76,80.02,11.04,86.98,86.11,7.9,1.0,9.9,1.53,9.95,0.05,10.92,-0.02,110.4,72.9,10.31,83.45,85.68,27.88,1.0,1.0
2014-02-01,8.06,7.1,0.25,-7.81,9.88,0.13,111.21,67.25,12.72,88.07,89.1,30.88,1.0,7.37,3.77,3.69,-3.68,18.18,0.16,139.03,85.64,12.73,93.68,89.61,0.0,1.0,6.99,1.26,5.96,-1.03,17.8,-0.33,141.07,83.51,11.9,90.52,87.58,2.88,1.0,12.98,3.61,9.5,-3.48,15.83,0.3,120.76,80.02,11.04,86.98,86.11,7.9,1.0,1.0
2014-03-01,13.44,4.26,8.97,-4.47,15.22,-0.05,113.1,75.21,13.21,91.14,89.78,3.67,1.0,8.06,7.1,0.25,-7.81,9.88,0.13,111.21,67.25,12.72,88.07,89.1,30.88,1.0,7.37,3.77,3.69,-3.68,18.18,0.16,139.03,85.64,12.73,93.68,89.61,0.0,1.0,6.99,1.26,5.96,-1.03,17.8,-0.33,141.07,83.51,11.9,90.52,87.58,2.88,1.0,1.0
2014-04-01,5.27,0.9,2.73,-2.54,13.49,0.07,120.42,75.83,13.51,91.76,90.44,8.21,1.0,13.44,4.26,8.97,-4.47,15.22,-0.05,113.1,75.21,13.21,91.14,89.78,3.67,1.0,8.06,7.1,0.25,-7.81,9.88,0.13,111.21,67.25,12.72,88.07,89.1,30.88,1.0,7.37,3.77,3.69,-3.68,18.18,0.16,139.03,85.64,12.73,93.68,89.61,0.0,1.0,1.0
2014-05-01,8.39,6.31,2.69,-5.7,12.51,-0.08,102.6,77.09,13.69,92.77,91.22,8.69,1.0,5.27,0.9,2.73,-2.54,13.49,0.07,120.42,75.83,13.51,91.76,90.44,8.21,1.0,13.44,4.26,8.97,-4.47,15.22,-0.05,113.1,75.21,13.21,91.14,89.78,3.67,1.0,8.06,7.1,0.25,-7.81,9.88,0.13,111.21,67.25,12.72,88.07,89.1,30.88,1.0,1.0
2014-06-01,6.79,2.21,4.49,-2.3,14.29,-0.24,113.22,81.05,14.02,95.04,92.49,0.63,1.0,8.39,6.31,2.69,-5.7,12.51,-0.08,102.6,77.09,13.69,92.77,91.22,8.69,1.0,5.27,0.9,2.73,-2.54,13.49,0.07,120.42,75.83,13.51,91.76,90.44,8.21,1.0,13.44,4.26,8.97,-4.47,15.22,-0.05,113.1,75.21,13.21,91.14,89.78,3.67,1.0,1.0
2014-07-01,4.63,0.98,3.92,-0.71,14.66,-0.06,126.35,83.44,14.36,95.78,93.59,3.84,1.0,6.79,2.21,4.49,-2.3,14.29,-0.24,113.22,81.05,14.02,95.04,92.49,0.63,1.0,8.39,6.31,2.69,-5.7,12.51,-0.08,102.6,77.09,13.69,92.77,91.22,8.69,1.0,5.27,0.9,2.73,-2.54,13.49,0.07,120.42,75.83,13.51,91.76,90.44,8.21,1.0,1.0
2014-08-01,6.09,3.23,3.34,-2.75,10.18,0.13,116.02,73.78,14.26,89.34,92.17,23.55,1.0,4.63,0.98,3.92,-0.71,14.66,-0.06,126.35,83.44,14.36,95.78,93.59,3.84,1.0,6.79,2.21,4.49,-2.3,14.29,-0.24,113.22,81.05,14.02,95.04,92.49,0.63,1.0,8.39,6.31,2.69,-5.7,12.51,-0.08,102.6,77.09,13.69,92.77,91.22,8.69,1.0,1.0
2014-09-01,10.27,2.01,7.73,-2.54,15.06,-0.03,120.66,81.3,14.62,92.76,92.37,0.56,1.0,6.09,3.23,3.34,-2.75,10.18,0.13,116.02,73.78,14.26,89.34,92.17,23.55,1.0,4.63,0.98,3.92,-0.71,14.66,-0.06,126.35,83.44,14.36,95.78,93.59,3.84,1.0,6.79,2.21,4.49,-2.3,14.29,-0.24,113.22,81.05,14.02,95.04,92.49,0.63,1.0,1.0
2014-10-01,5.85,4.92,1.19,-4.66,9.62,0.15,110.9,69.68,14.45,89.4,91.38,23.7,1.0,10.27,2.01,7.73,-2.54,15.06,-0.03,120.66,81.3,14.62,92.76,92.37,0.56,1.0,6.09,3.23,3.34,-2.75,10.18,0.13,116.02,73.78,14.26,89.34,92.17,23.55,1.0,4.63,0.98,3.92,-0.71,14.66,-0.06,126.35,83.44,14.36,95.78,93.59,3.84,1.0,1.0
2014-11-01,19.9,14.78,4.8,-15.1,12.07,0.87,76.85,75.06,14.51,92.65,91.8,1.2,1.0,5.85,4.92,1.19,-4.66,9.62,0.15,110.9,69.68,14.45,89.4,91.38,23.7,1.0,10.27,2.01,7.73,-2.54,15.06,-0.03,120.66,81.3,14.62,92.76,92.37,0.56,1.0,6.09,3.23,3.34,-2.75,10.18,0.13,116.02,73.78,14.26,89.34,92.17,23.55,1.0,-1.0
2014-12-01,7.81,1.86,6.21,-1.6,14.9,-0.6,140.55,80.12,14.84,94.26,92.62,2.58,-1.0,19.9,14.78,4.8,-15.1,12.07,0.87,76.85,75.06,14.51,92.65,91.8,1.2,1.0,5.85,4.92,1.19,-4.66,9.62,0.15,110.9,69.68,14.45,89.4,91.38,23.7,1.0,10.27,2.01,7.73,-2.54,15.06,-0.03,120.66,81.3,14.62,92.76,92.37,0.56,1.0,1.0
2015-01-01,15.11,8.54,5.77,-9.34,11.2,0.94,127.14,74.67,14.8,88.35,91.2,23.93,1.0,7.81,1.86,6.21,-1.6,14.9,-0.6,140.55,80.12,14.84,94.26,92.62,2.58,-1.0,19.9,14.78,4.8,-15.1,12.07,0.87,76.85,75.06,14.51,92.65,91.8,1.2,1.0,5.85,4.92,1.19,-4.66,9.62,0.15,110.9,69.68,14.45,89.4,91.38,23.7,1.0,1.0
2015-02-01,8.33,7.83,1.34,-6.99,4.33,0.05,82.28,57.48,14.11,77.72,86.7,43.54,1.0,15.11,8.54,5.77,-9.34,11.2,0.94,127.14,74.67,14.8,88.35,91.2,23.93,1.0,7.81,1.86,6.21,-1.6,14.9,-0.6,140.55,80.12,14.84,94.26,92.62,2.58,-1.0,19.9,14.78,4.8,-15.1,12.07,0.87,76.85,75.06,14.51,92.65,91.8,1.2,1.0,-1.0
2015-03-01,14.38,2.19,12.79,-1.59,13.15,-0.4,120.19,71.82,14.31,82.67,85.36,7.44,-1.0,8.33,7.83,1.34,-6.99,4.33,0.05,82.28,57.48,14.11,77.72,86.7,43.54,1.0,15.11,8.54,5.77,-9.34,11.2,0.94,127.14,74.67,14.8,88.35,91.2,23.93,1.0,7.81,1.86,6.21,-1.6,14.9,-0.6,140.55,80.12,14.84,94.26,92.62,2.58,-1.0,1.0
2015-04-01,7.94,6.66,1.4,-6.54,7.54,0.45,111.14,62.31,13.96,81.42,84.05,21.06,1.0,14.38,2.19,12.79,-1.59,13.15,-0.4,120.19,71.82,14.31,82.67,85.36,7.44,-1.0,8.33,7.83,1.34,-6.99,4.33,0.05,82.28,57.48,14.11,77.72,86.7,43.54,1.0,15.11,8.54,5.77,-9.34,11.2,0.94,127.14,74.67,14.8,88.35,91.2,23.93,1.0,-1.0
2015-05-01,7.97,1.88,6.05,-1.92,8.1,-0.26,105.78,64.98,13.69,82.77,83.62,29.85,-1.0,7.94,6.66,1.4,-6.54,7.54,0.45,111.14,62.31,13.96,81.42,84.05,21.06,1.0,14.38,2.19,12.79,-1.59,13.15,-0.4,120.19,71.82,14.31,82.67,85.36,7.44,-1.0,8.33,7.83,1.34,-6.99,4.33,0.05,82.28,57.48,14.11,77.72,86.7,43.54,1.0,-1.0
2015-06-01,7.02,2.64,5.32,-1.7,9.12,-0.07,109.5,68.51,13.53,85.75,84.33,16.58,-1.0,7.97,1.88,6.05,-1.92,8.1,-0.26,105.78,64.98,13.69,82.77,83.62,29.85,-1.0,7.94,6.66,1.4,-6.54,7.54,0.45,111.14,62.31,13.96,81.42,84.05,21.06,1.0,14.38,2.19,12.79,-1.59,13.15,-0.4,120.19,71.82,14.31,82.67,85.36,7.44,-1.0,1.0
2015-07-01,8.06,6.66,2.2,-5.86,3.24,0.34,74.96,55.29,12.84,82.21,83.62,49.81,1.0,7.02,2.64,5.32,-1.7,9.12,-0.07,109.5,68.51,13.53,85.75,84.33,16.58,-1.0,7.97,1.88,6.05,-1.92,8.1,-0.26,105.78,64.98,13.69,82.77,83.62,29.85,-1.0,7.94,6.66,1.4,-6.54,7.54,0.45,111.14,62.31,13.96,81.42,84.05,21.06,1.0,-1.0
2015-08-01,9.07,3.62,7.33,-1.74,6.68,-0.03,78.63,62.85,12.52,81.27,82.84,20.6,-1.0,8.06,6.66,2.2,-5.86,3.24,0.34,74.96,55.29,12.84,82.21,83.62,49.81,1.0,7.02,2.64,5.32,-1.7,9.12,-0.07,109.5,68.51,13.53,85.75,84.33,16.58,-1.0,7.97,1.88,6.05,-1.92,8.1,-0.26,105.78,64.98,13.69,82.77,83.62,29.85,-1.0,1.0
2015-09-01,28.91,28.06,0.81,-28.1,-3.94,0.77,-76.36,42.05,11.22,71.98,79.22,46.59,1.0,9.07,3.62,7.33,-1.74,6.68,-0.03,78.63,62.85,12.52,81.27,82.84,20.6,-1.0,8.06,6.66,2.2,-5.86,3.24,0.34,74.96,55.29,12.84,82.21,83.62,49.81,1.0,7.02,2.64,5.32,-1.7,9.12,-0.07,109.5,68.51,13.53,85.75,84.33,16.58,-1.0,1.0
2015-10-01,15.96,6.19,3.73,-12.23,-9.71,-0.24,-123.71,33.27,9.47,57.79,72.08,70.59,1.0,28.91,28.06,0.81,-28.1,-3.94,0.77,-76.36,42.05,11.22,71.98,79.22,46.59,1.0,9.07,3.62,7.33,-1.74,6.68,-0.03,78.63,62.85,12.52,81.27,82.84,20.6,-1.0,8.06,6.66,2.2,-5.86,3.24,0.34,74.96,55.29,12.84,82.21,83.62,49.81,1.0,-1.0
2015-11-01,20.32,2.96,17.81,-2.51,6.39,-0.02,-16.01,57.61,9.37,66.67,70.27,15.58,-1.0,15.96,6.19,3.73,-12.23,-9.71,-0.24,-123.71,33.27,9.47,57.79,72.08,70.59,1.0,28.91,28.06,0.81,-28.1,-3.94,0.77,-76.36,42.05,11.22,71.98,79.22,46.59,1.0,9.07,3.62,7.33,-1.74,6.68,-0.03,78.63,62.85,12.52,81.27,82.84,20.6,-1.0,-1.0
2015-12-01,9.48,6.14,2.77,-6.71,5.24,-0.4,49.58,57.32,9.17,72.37,70.97,15.03,-1.0,20.32,2.96,17.81,-2.51,6.39,-0.02,-16.01,57.61,9.37,66.67,70.27,15.58,-1.0,15.96,6.19,3.73,-12.23,-9.71,-0.24,-123.71,33.27,9.47,57.79,72.08,70.59,1.0,28.91,28.06,0.81,-28.1,-3.94,0.77,-76.36,42.05,11.22,71.98,79.22,46.59,1.0,1.0
2016-01-01,11.17,9.61,2.31,-8.86,0.35,0.52,-1.07,50.02,8.52,71.05,71.0,30.25,1.0,9.48,6.14,2.77,-6.71,5.24,-0.4,49.58,57.32,9.17,72.37,70.97,15.03,-1.0,20.32,2.96,17.81,-2.51,6.39,-0.02,-16.01,57.61,9.37,66.67,70.27,15.58,-1.0,15.96,6.19,3.73,-12.23,-9.71,-0.24,-123.71,33.27,9.47,57.79,72.08,70.59,1.0,1.0
2016-02-01,20.88,19.47,-1.97,-22.85,-8.29,0.27,-170.16,37.84,7.11,60.29,67.43,58.55,1.0,11.17,9.61,2.31,-8.86,0.35,0.52,-1.07,50.02,8.52,71.05,71.0,30.25,1.0,9.48,6.14,2.77,-6.71,5.24,-0.4,49.58,57.32,9.17,72.37,70.97,15.03,-1.0,20.32,2.96,17.81,-2.51,6.39,-0.02,-16.01,57.61,9.37,66.67,70.27,15.58,-1.0,1.0
2016-03-01,15.59,11.44,2.96,-12.63,-7.15,-0.21,-147.6,37.67,5.91,53.13,62.66,59.07,1.0,20.88,19.47,-1.97,-22.85,-8.29,0.27,-170.16,37.84,7.11,60.29,67.43,58.55,1.0,11.17,9.61,2.31,-8.86,0.35,0.52,-1.07,50.02,8.52,71.05,71.0,30.25,1.0,9.48,6.14,2.77,-6.71,5.24,-0.4,49.58,57.32,9.17,72.37,70.97,15.03,-1.0,1.0
2016-04-01,12.42,0.56,13.31,0.89,4.07,-0.2,-8.73,55.83,5.86,60.81,62.05,20.04,1.0,15.59,11.44,2.96,-12.63,-7.15,-0.21,-147.6,37.67,5.91,53.13,62.66,59.07,1.0,20.88,19.47,-1.97,-22.85,-8.29,0.27,-170.16,37.84,7.11,60.29,67.43,58.55,1.0,11.17,9.61,2.31,-8.86,0.35,0.52,-1.07,50.02,8.52,71.05,71.0,30.25,1.0,1.0
2016-05-01,7.83,1.26,5.4,-2.43,4.13,-0.18,45.0,56.85,5.81,68.08,64.06,17.4,1.0,12.42,0.56,13.31,0.89,4.07,-0.2,-8.73,55.83,5.86,60.81,62.05,20.04,1.0,15.59,11.44,2.96,-12.63,-7.15,-0.21,-147.6,37.67,5.91,53.13,62.66,59.07,1.0,20.88,19.47,-1.97,-22.85,-8.29,0.27,-170.16,37.84,7.11,60.29,67.43,58.55,1.0,1.0
2016-06-01,7.91,4.14,4.36,-3.55,6.46,-0.04,56.46,61.48,5.99,76.74,68.28,3.87,1.0,7.83,1.26,5.4,-2.43,4.13,-0.18,45.0,56.85,5.81,68.08,64.06,17.4,1.0,12.42,0.56,13.31,0.89,4.07,-0.2,-8.73,55.83,5.86,60.81,62.05,20.04,1.0,15.59,11.44,2.96,-12.63,-7.15,-0.21,-147.6,37.67,5.91,53.13,62.66,59.07,1.0,1.0
2016-07-01,13.87,10.47,2.68,-11.19,5.16,0.43,48.12,60.68,6.03,81.27,72.61,9.65,1.0,7.91,4.14,4.36,-3.55,6.46,-0.04,56.46,61.48,5.99,76.74,68.28,3.87,1.0,7.83,1.26,5.4,-2.43,4.13,-0.18,45.0,56.85,5.81,68.08,64.06,17.4,1.0,12.42,0.56,13.31,0.89,4.07,-0.2,-8.73,55.83,5.86,60.81,62.05,20.04,1.0,1.0
2016-08-01,10.48,2.42,8.06,-2.42,10.83,-0.37,125.52,70.49,6.61,87.13,77.45,1.15,1.0,13.87,10.47,2.68,-11.19,5.16,0.43,48.12,60.68,6.03,81.27,72.61,9.65,1.0,7.91,4.14,4.36,-3.55,6.46,-0.04,56.46,61.48,5.99,76.74,68.28,3.87,1.0,7.83,1.26,5.4,-2.43,4.13,-0.18,45.0,56.85,5.81,68.08,64.06,17.4,1.0,1.0
2016-09-01,5.35,2.94,2.48,-2.87,9.39,-0.08,141.54,70.78,7.0,89.5,81.47,8.83,1.0,10.48,2.42,8.06,-2.42,10.83,-0.37,125.52,70.49,6.61,87.13,77.45,1.15,1.0,13.87,10.47,2.68,-11.19,5.16,0.43,48.12,60.68,6.03,81.27,72.61,9.65,1.0,7.91,4.14,4.36,-3.55,6.46,-0.04,56.46,61.48,5.99,76.74,68.28,3.87,1.0,1.0
2016-10-01,6.91,5.06,1.84,-5.07,7.03,0.51,116.77,67.4,7.15,90.15,84.36,15.75,1.0,5.35,2.94,2.48,-2.87,9.39,-0.08,141.54,70.78,7.0,89.5,81.47,8.83,1.0,10.48,2.42,8.06,-2.42,10.83,-0.37,125.52,70.49,6.61,87.13,77.45,1.15,1.0,13.87,10.47,2.68,-11.19,5.16,0.43,48.12,60.68,6.03,81.27,72.61,9.65,1.0,1.0
2016-11-01,5.49,4.61,0.4,-5.09,2.78,-0.25,81.73,56.2,6.88,87.33,85.35,33.65,1.0,6.91,5.06,1.84,-5.07,7.03,0.51,116.77,67.4,7.15,90.15,84.36,15.75,1.0,5.35,2.94,2.48,-2.87,9.39,-0.08,141.54,70.78,7.0,89.5,81.47,8.83,1.0,10.48,2.42,8.06,-2.42,10.83,-0.37,125.52,70.49,6.61,87.13,77.45,1.15,1.0,1.0
2016-12-01,13.44,4.55,9.27,-4.17,8.97,0.2,105.89,69.07,7.22,89.8,86.84,6.21,1.0,5.49,4.61,0.4,-5.09,2.78,-0.25,81.73,56.2,6.88,87.33,85.35,33.65,1.0,6.91,5.06,1.84,-5.07,7.03,0.51,116.77,67.4,7.15,90.15,84.36,15.75,1.0,5.35,2.94,2.48,-2.87,9.39,-0.08,141.54,70.78,7.0,89.5,81.47,8.83,1.0,1.0
2017-01-01,9.19,1.58,7.96,-1.23,10.26,-0.12,142.17,72.92,7.65,87.8,87.16,22.6,1.0,13.44,4.55,9.27,-4.17,8.97,0.2,105.89,69.07,7.22,89.8,86.84,6.21,1.0,5.49,4.61,0.4,-5.09,2.78,-0.25,81.73,56.2,6.88,87.33,85.35,33.65,1.0,6.91,5.06,1.84,-5.07,7.03,0.51,116.77,67.4,7.15,90.15,84.36,15.75,1.0,1.0
2017-02-01,5.83,1.16,6.18,0.35,12.06,-0.19,136.69,77.23,8.22,89.53,87.95,10.22,1.0,9.19,1.58,7.96,-1.23,10.26,-0.12,142.17,72.92,7.65,87.8,87.16,22.6,1.0,13.44,4.55,9.27,-4.17,8.97,0.2,105.89,69.07,7.22,89.8,86.84,6.21,1.0,5.49,4.61,0.4,-5.09,2.78,-0.25,81.73,56.2,6.88,87.33,85.35,33.65,1.0,1.0
2017-03-01,10.49,0.71,9.78,-0.71,17.77,-0.08,153.28,84.04,9.29,92.29,89.4,2.9,1.0,5.83,1.16,6.18,0.35,12.06,-0.19,136.69,77.23,8.22,89.53,87.95,10.22,1.0,9.19,1.58,7.96,-1.23,10.26,-0.12,142.17,72.92,7.65,87.8,87.16,22.6,1.0,13.44,4.55,9.27,-4.17,8.97,0.2,105.89,69.07,7.22,89.8,86.84,6.21,1.0,1.0
2017-04-01,8.71,6.78,3.85,-4.86,14.42,0.41,150.96,81.65,9.96,90.27,89.69,14.34,1.0,10.49,0.71,9.78,-0.71,17.77,-0.08,153.28,84.04,9.29,92.29,89.4,2.9,1.0,5.83,1.16,6.18,0.35,12.06,-0.19,136.69,77.23,8.22,89.53,87.95,10.22,1.0,9.19,1.58,7.96,-1.23,10.26,-0.12,142.17,72.92,7.65,87.8,87.16,22.6,1.0,1.0
2017-05-01,7.02,3.29,3.79,-3.23,14.18,-0.19,131.8,83.46,10.56,91.18,90.18,7.01,1.0,8.71,6.78,3.85,-4.86,14.42,0.41,150.96,81.65,9.96,90.27,89.69,14.34,1.0,10.49,0.71,9.78,-0.71,17.77,-0.08,153.28,84.04,9.29,92.29,89.4,2.9,1.0,5.83,1.16,6.18,0.35,12.06,-0.19,136.69,77.23,8.22,89.53,87.95,10.22,1.0,1.0
2017-06-01,6.65,3.25,4.0,-2.65,14.84,-0.04,123.8,85.87,11.18,93.49,91.28,2.79,1.0,7.02,3.29,3.79,-3.23,14.18,-0.19,131.8,83.46,10.56,91.18,90.18,7.01,1.0,8.71,6.78,3.85,-4.86,14.42,0.41,150.96,81.65,9.96,90.27,89.69,14.34,1.0,10.49,0.71,9.78,-0.71,17.77,-0.08,153.28,84.04,9.29,92.29,89.4,2.9,1.0,1.0
2017-07-01,5.05,2.01,3.57,-1.48,12.86,0.05,118.47,86.13,11.56,92.74,91.77,15.19,1.0,6.65,3.25,4.0,-2.65,14.84,-0.04,123.8,85.87,11.18,93.49,91.28,2.79,1.0,7.02,3.29,3.79,-3.23,14.18,-0.19,131.8,83.46,10.56,91.18,90.18,7.01,1.0,8.71,6.78,3.85,-4.86,14.42,0.41,150.96,81.65,9.96,90.27,89.69,14.34,1.0,1.0
2017-08-01,7.66,2.54,6.2,-1.46,15.09,-0.33,114.95,89.36,12.13,94.12,92.55,5.81,1.0,5.05,2.01,3.57,-1.48,12.86,0.05,118.47,86.13,11.56,92.74,91.77,15.19,1.0,6.65,3.25,4.0,-2.65,14.84,-0.04,123.8,85.87,11.18,93.49,91.28,2.79,1.0,7.02,3.29,3.79,-3.23,14.18,-0.19,131.8,83.46,10.56,91.18,90.18,7.01,1.0,1.0
2017-09-01,7.08,5.63,2.14,-4.94,13.38,0.47,104.94,89.78,12.49,94.49,93.2,8.21,1.0,7.66,2.54,6.2,-1.46,15.09,-0.33,114.95,89.36,12.13,94.12,92.55,5.81,1.0,5.05,2.01,3.57,-1.48,12.86,0.05,118.47,86.13,11.56,92.74,91.77,15.19,1.0,6.65,3.25,4.0,-2.65,14.84,-0.04,123.8,85.87,11.18,93.49,91.28,2.79,1.0,1.0
2017-10-01,6.37,2.97,3.83,-2.54,14.48,-0.17,108.55,91.77,12.93,96.22,94.21,0.48,1.0,7.08,5.63,2.14,-4.94,13.38,0.47,104.94,89.78,12.49,94.49,93.2,8.21,1.0,7.66,2.54,6.2,-1.46,15.09,-0.33,114.95,89.36,12.13,94.12,92.55,5.81,1.0,5.05,2.01,3.57,-1.48,12.86,0.05,118.47,86.13,11.56,92.74,91.77,15.19,1.0,1.0
2017-11-01,6.6,0.2,6.66,0.06,17.27,0.03,130.43,94.0,13.6,96.68,95.03,3.29,1.0,6.37,2.97,3.83,-2.54,14.48,-0.17,108.55,91.77,12.93,96.22,94.21,0.48,1.0,7.08,5.63,2.14,-4.94,13.38,0.47,104.94,89.78,12.49,94.49,93.2,8.21,1.0,7.66,2.54,6.2,-1.46,15.09,-0.33,114.95,89.36,12.13,94.12,92.55,5.81,1.0,-1.0
2017-12-01,10.42,2.41,8.9,-1.52,21.26,0.03,150.29,95.81,14.6,96.78,95.62,3.99,-1.0,6.6,0.2,6.66,0.06,17.27,0.03,130.43,94.0,13.6,96.68,95.03,3.29,1.0,6.37,2.97,3.83,-2.54,14.48,-0.17,108.55,91.77,12.93,96.22,94.21,0.48,1.0,7.08,5.63,2.14,-4.94,13.38,0.47,104.94,89.78,12.49,94.49,93.2,8.21,1.0,-1.0
2018-01-01,7.84,4.0,3.59,-4.25,19.55,0.26,147.43,96.14,15.36,96.25,95.83,6.16,-1.0,10.42,2.41,8.9,-1.52,21.26,0.03,150.29,95.81,14.6,96.78,95.62,3.99,-1.0,6.6,0.2,6.66,0.06,17.27,0.03,130.43,94.0,13.6,96.68,95.03,3.29,1.0,6.37,2.97,3.83,-2.54,14.48,-0.17,108.55,91.77,12.93,96.22,94.21,0.48,1.0,-1.0
2018-02-01,19.23,0.44,19.77,0.54,29.27,0.16,186.28,97.81,16.98,94.42,95.36,10.56,-1.0,7.84,4.0,3.59,-4.25,19.55,0.26,147.43,96.14,15.36,96.25,95.83,6.16,-1.0,10.42,2.41,8.9,-1.52,21.26,0.03,150.29,95.81,14.6,96.78,95.62,3.99,-1.0,6.6,0.2,6.66,0.06,17.27,0.03,130.43,94.0,13.6,96.68,95.03,3.29,1.0,-1.0
2018-03-01,30.14,28.15,1.16,-28.98,16.1,0.47,109.59,72.21,17.24,85.58,92.1,35.94,-1.0,19.23,0.44,19.77,0.54,29.27,0.16,186.28,97.81,16.98,94.42,95.36,10.56,-1.0,7.84,4.0,3.59,-4.25,19.55,0.26,147.43,96.14,15.36,96.25,95.83,6.16,-1.0,10.42,2.41,8.9,-1.52,21.26,0.03,150.29,95.81,14.6,96.78,95.62,3.99,-1.0,1.0
2018-04-01,22.58,13.58,8.76,-13.82,6.43,-0.21,82.01,57.29,16.57,73.48,85.89,66.44,1.0,30.14,28.15,1.16,-28.98,16.1,0.47,109.59,72.21,17.24,85.58,92.1,35.94,-1.0,19.23,0.44,19.77,0.54,29.27,0.16,186.28,97.81,16.98,94.42,95.36,10.56,-1.0,7.84,4.0,3.59,-4.25,19.55,0.26,147.43,96.14,15.36,96.25,95.83,6.16,-1.0,1.0
2018-05-01,16.63,7.88,8.15,-8.48,6.59,-0.14,52.99,58.92,15.96,65.86,79.22,65.62,1.0,22.58,13.58,8.76,-13.82,6.43,-0.21,82.01,57.29,16.57,73.48,85.89,66.44,1.0,30.14,28.15,1.16,-28.98,16.1,0.47,109.59,72.21,17.24,85.58,92.1,35.94,-1.0,19.23,0.44,19.77,0.54,29.27,0.16,186.28,97.81,16.98,94.42,95.36,10.56,-1.0,1.0
2018-06-01,15.2,4.82,9.74,-5.46,11.02,-0.2,68.64,66.23,15.82,64.69,74.37,46.54,1.0,16.63,7.88,8.15,-8.48,6.59,-0.14,52.99,58.92,15.96,65.86,79.22,65.62,1.0,22.58,13.58,8.76,-13.82,6.43,-0.21,82.01,57.29,16.57,73.48,85.89,66.44,1.0,30.14,28.15,1.16,-28.98,16.1,0.47,109.59,72.21,17.24,85.58,92.1,35.94,-1.0,-1.0
2018-07-01,10.99,3.92,8.54,-2.45,9.61,-0.0,87.07,66.61,15.55,61.98,70.24,45.54,-1.0,15.2,4.82,9.74,-5.46,11.02,-0.2,68.64,66.23,15.82,64.69,74.37,46.54,1.0,16.63,7.88,8.15,-8.48,6.59,-0.14,52.99,58.92,15.96,65.86,79.22,65.62,1.0,22.58,13.58,8.76,-13.82,6.43,-0.21,82.01,57.29,16.57,73.48,85.89,66.44,1.0,-1.0
2018-08-01,15.13,0.27,13.09,-2.04,16.63,-0.21,110.18,76.08,15.97,69.41,69.97,9.67,-1.0,10.99,3.92,8.54,-2.45,9.61,-0.0,87.07,66.61,15.55,61.98,70.24,45.54,-1.0,15.2,4.82,9.74,-5.46,11.02,-0.2,68.64,66.23,15.82,64.69,74.37,46.54,1.0,16.63,7.88,8.15,-8.48,6.59,-0.14,52.99,58.92,15.96,65.86,79.22,65.62,1.0,-1.0
2018-09-01,12.58,2.4,10.41,-2.17,21.67,0.03,152.57,81.66,16.83,78.38,72.77,3.86,-1.0,15.13,0.27,13.09,-2.04,16.63,-0.21,110.18,76.08,15.97,69.41,69.97,9.67,-1.0,10.99,3.92,8.54,-2.45,9.61,-0.0,87.07,66.61,15.55,61.98,70.24,45.54,-1.0,15.2,4.82,9.74,-5.46,11.02,-0.2,68.64,66.23,15.82,64.69,74.37,46.54,1.0,-1.0
2018-10-01,7.23,3.13,3.63,-3.6,18.69,-0.06,153.22,81.89,17.35,82.97,76.17,8.2,-1.0,12.58,2.4,10.41,-2.17,21.67,0.03,152.57,81.66,16.83,78.38,72.77,3.86,-1.0,15.13,0.27,13.09,-2.04,16.63,-0.21,110.18,76.08,15.97,69.41,69.97,9.67,-1.0,10.99,3.92,8.54,-2.45,9.61,-0.0,87.07,66.61,15.55,61.98,70.24,45.54,-1.0,1.0
2018-11-01,33.36,32.26,2.49,-30.87,-1.19,1.46,33.58,47.01,15.95,69.71,74.02,66.81,1.0,7.23,3.13,3.63,-3.6,18.69,-0.06,153.22,81.89,17.35,82.97,76.17,8.2,-1.0,12.58,2.4,10.41,-2.17,21.67,0.03,152.57,81.66,16.83,78.38,72.77,3.86,-1.0,15.13,0.27,13.09,-2.04,16.63,-0.21,110.18,76.08,15.97,69.41,69.97,9.67,-1.0,1.0
2018-12-01,18.15,8.53,10.59,-7.56,3.24,-0.33,12.73,53.01,15.07,64.28,70.77,53.65,1.0,33.36,32.26,2.49,-30.87,-1.19,1.46,33.58,47.01,15.95,69.71,74.02,66.81,1.0,7.23,3.13,3.63,-3.6,18.69,-0.06,153.22,81.89,17.35,82.97,76.17,8.2,-1.0,12.58,2.4,10.41,-2.17,21.67,0.03,152.57,81.66,16.83,78.38,72.77,3.86,-1.0,1.0
2019-01-01,46.64,46.52,4.75,-41.89,-19.03,0.54,-152.08,31.25,12.16,51.8,64.45,73.15,1.0,18.15,8.53,10.59,-7.56,3.24,-0.33,12.73,53.01,15.07,64.28,70.77,53.65,1.0,33.36,32.26,2.49,-30.87,-1.19,1.46,33.58,47.01,15.95,69.71,74.02,66.81,1.0,7.23,3.13,3.63,-3.6,18.69,-0.06,153.22,81.89,17.35,82.97,76.17,8.2,-1.0,1.0
2019-02-01,26.8,2.31,20.55,-6.25,0.83,-0.34,-91.65,50.29,11.34,54.57,61.16,39.9,1.0,46.64,46.52,4.75,-41.89,-19.03,0.54,-152.08,31.25,12.16,51.8,64.45,73.15,1.0,18.15,8.53,10.59,-7.56,3.24,-0.33,12.73,53.01,15.07,64.28,70.77,53.65,1.0,33.36,32.26,2.49,-30.87,-1.19,1.46,33.58,47.01,15.95,69.71,74.02,66.81,1.0,1.0
2019-03-01,13.48,2.32,11.38,-2.1,8.11,-0.33,31.14,56.6,11.26,61.26,61.19,25.36,1.0,26.8,2.31,20.55,-6.25,0.83,-0.34,-91.65,50.29,11.34,54.57,61.16,39.9,1.0,46.64,46.52,4.75,-41.89,-19.03,0.54,-152.08,31.25,12.16,51.8,64.45,73.15,1.0,18.15,8.53,10.59,-7.56,3.24,-0.33,12.73,53.01,15.07,64.28,70.77,53.65,1.0,1.0
2019-04-01,12.76,8.02,6.5,-6.26,10.08,0.22,66.72,59.29,11.38,67.83,63.4,18.05,1.0,13.48,2.32,11.38,-2.1,8.11,-0.33,31.14,56.6,11.26,61.26,61.19,25.36,1.0,26.8,2.31,20.55,-6.25,0.83,-0.34,-91.65,50.29,11.34,54.57,61.16,39.9,1.0,46.64,46.52,4.75,-41.89,-19.03,0.54,-152.08,31.25,12.16,51.8,64.45,73.15,1.0,-1.0
2019-05-01,10.05,0.3,11.97,1.92,18.29,-0.28,134.8,66.8,12.26,78.31,68.37,0.71,-1.0,12.76,8.02,6.5,-6.26,10.08,0.22,66.72,59.29,11.38,67.83,63.4,18.05,1.0,13.48,2.32,11.38,-2.1,8.11,-0.33,31.14,56.6,11.26,61.26,61.19,25.36,1.0,26.8,2.31,20.55,-6.25,0.83,-0.34,-91.65,50.29,11.34,54.57,61.16,39.9,1.0,1.0
2019-06-01,19.71,19.48,0.93,-18.78,-0.39,0.53,53.05,49.14,11.32,74.82,70.52,32.16,1.0,10.05,0.3,11.97,1.92,18.29,-0.28,134.8,66.8,12.26,78.31,68.37,0.71,-1.0,12.76,8.02,6.5,-6.26,10.08,0.22,66.72,59.29,11.38,67.83,63.4,18.05,1.0,13.48,2.32,11.38,-2.1,8.11,-0.33,31.14,56.6,11.26,61.26,61.19,25.36,1.0,1.0
2019-07-01,23.22,2.22,21.04,-2.18,14.67,-0.27,85.39,60.88,11.86,81.45,74.17,6.29,1.0,19.71,19.48,0.93,-18.78,-0.39,0.53,53.05,49.14,11.32,74.82,70.52,32.16,1.0,10.05,0.3,11.97,1.92,18.29,-0.28,134.8,66.8,12.26,78.31,68.37,0.71,-1.0,12.76,8.02,6.5,-6.26,10.08,0.22,66.72,59.29,11.38,67.83,63.4,18.05,1.0,1.0
2019-08-01,7.9,2.35,9.23,1.33,16.16,-0.17,141.81,63.41,12.51,85.3,77.88,13.95,1.0,23.22,2.22,21.04,-2.18,14.67,-0.27,85.39,60.88,11.86,81.45,74.17,6.29,1.0,19.71,19.48,0.93,-18.78,-0.39,0.53,53.05,49.14,11.32,74.82,70.52,32.16,1.0,10.05,0.3,11.97,1.92,18.29,-0.28,134.8,66.8,12.26,78.31,68.37,0.71,-1.0,1.0
2019-09-01,19.15,15.88,3.44,-15.71,9.46,0.83,81.43,58.32,12.47,85.44,80.4,32.81,1.0,7.9,2.35,9.23,1.33,16.16,-0.17,141.81,63.41,12.51,85.3,77.88,13.95,1.0,23.22,2.22,21.04,-2.18,14.67,-0.27,85.39,60.88,11.86,81.45,74.17,6.29,1.0,19.71,19.48,0.93,-18.78,-0.39,0.53,53.05,49.14,11.32,74.82,70.52,32.16,1.0,1.0
2019-10-01,13.36,1.3,10.18,-3.18,11.66,-0.36,96.65,61.53,12.65,86.98,82.59,19.84,1.0,19.15,15.88,3.44,-15.71,9.46,0.83,81.43,58.32,12.47,85.44,80.4,32.81,1.0,7.9,2.35,9.23,1.33,16.16,-0.17,141.81,63.41,12.51,85.3,77.88,13.95,1.0,23.22,2.22,21.04,-2.18,14.67,-0.27,85.39,60.88,11.86,81.45,74.17,6.29,1.0,-1.0
2019-11-01,19.73,12.92,7.78,-11.95,15.42,0.06,93.77,66.27,13.16,90.21,85.13,3.88,-1.0,13.36,1.3,10.18,-3.18,11.66,-0.36,96.65,61.53,12.65,86.98,82.59,19.84,1.0,19.15,15.88,3.44,-15.71,9.46,0.83,81.43,58.32,12.47,85.44,80.4,32.81,1.0,7.9,2.35,9.23,1.33,16.16,-0.17,141.81,63.41,12.51,85.3,77.88,13.95,1.0,-1.0
2019-12-01,10.74,0.18,12.15,1.41,22.34,-0.25,149.9,72.96,14.3,92.57,87.61,2.76,-1.0,19.73,12.92,7.78,-11.95,15.42,0.06,93.77,66.27,13.16,90.21,85.13,3.88,-1.0,13.36,1.3,10.18,-3.18,11.66,-0.36,96.65,61.53,12.65,86.98,82.59,19.84,1.0,19.15,15.88,3.44,-15.71,9.46,0.83,81.43,58.32,12.47,85.44,80.4,32.81,1.0,-1.0
2020-01-01,16.67,7.46,9.49,-7.18,25.29,0.24,150.39,76.77,15.62,93.77,89.66,4.61,-1.0,10.74,0.18,12.15,1.41,22.34,-0.25,149.9,72.96,14.3,92.57,87.61,2.76,-1.0,19.73,12.92,7.78,-11.95,15.42,0.06,93.77,66.27,13.16,90.21,85.13,3.88,-1.0,13.36,1.3,10.18,-3.18,11.66,-0.36,96.65,61.53,12.65,86.98,82.59,19.84,1.0,-1.0
2020-02-01,12.59,3.18,11.09,-1.5,21.29,0.08,155.58,76.55,16.47,89.6,89.64,21.9,-1.0,16.67,7.46,9.49,-7.18,25.29,0.24,150.39,76.77,15.62,93.77,89.66,4.61,-1.0,10.74,0.18,12.15,1.41,22.34,-0.25,149.9,72.96,14.3,92.57,87.61,2.76,-1.0,19.73,12.92,7.78,-11.95,15.42,0.06,93.77,66.27,13.16,90.21,85.13,3.88,-1.0,1.0
2020-03-01,53.54,37.81,17.35,-36.19,-3.54,0.52,63.66,45.52,14.92,71.44,83.57,78.92,1.0,12.59,3.18,11.09,-1.5,21.29,0.08,155.58,76.55,16.47,89.6,89.64,21.9,-1.0,16.67,7.46,9.49,-7.18,25.29,0.24,150.39,76.77,15.62,93.77,89.66,4.61,-1.0,10.74,0.18,12.15,1.41,22.34,-0.25,149.9,72.96,14.3,92.57,87.61,2.76,-1.0,1.0
2020-04-01,95.58,79.95,17.58,-78.0,-35.58,1.81,-160.74,26.23,10.46,58.52,75.22,67.32,1.0,53.54,37.81,17.35,-36.19,-3.54,0.52,63.66,45.52,14.92,71.44,83.57,78.92,1.0,12.59,3.18,11.09,-1.5,21.29,0.08,155.58,76.55,16.47,89.6,89.64,21.9,-1.0,16.67,7.46,9.49,-7.18,25.29,0.24,150.39,76.77,15.62,93.77,89.66,4.61,-1.0,1.0
2020-05-01,50.98,4.08,37.13,-13.85,-2.41,-0.52,-93.68,48.49,9.46,58.94,69.79,40.23,1.0,95.58,79.95,17.58,-78.0,-35.58,1.81,-160.74,26.23,10.46,58.52,75.22,67.32,1.0,53.54,37.81,17.35,-36.19,-3.54,0.52,63.66,45.52,14.92,71.44,83.57,78.92,1.0,12.59,3.18,11.09,-1.5,21.29,0.08,155.58,76.55,16.47,89.6,89.64,21.9,-1.0,1.0
2020-06-01,33.85,12.32,16.36,-17.49,9.67,-0.32,-5.28,55.33,9.67,63.04,67.54,28.77,1.0,50.98,4.08,37.13,-13.85,-2.41,-0.52,-93.68,48.49,9.46,58.94,69.79,40.23,1.0,95.58,79.95,17.58,-78.0,-35.58,1.81,-160.74,26.23,10.46,58.52,75.22,67.32,1.0,53.54,37.81,17.35,-36.19,-3.54,0.52,63.66,45.52,14.92,71.44,83.57,78.92,1.0,1.0
2020-07-01,26.67,6.88,19.09,-7.58,11.6,0.23,66.95,57.32,10.04,66.88,67.32,25.43,1.0,33.85,12.32,16.36,-17.49,9.67,-0.32,-5.28,55.33,9.67,63.04,67.54,28.77,1.0,50.98,4.08,37.13,-13.85,-2.41,-0.52,-93.68,48.49,9.46,58.94,69.79,40.23,1.0,95.58,79.95,17.58,-78.0,-35.58,1.81,-160.74,26.23,10.46,58.52,75.22,67.32,1.0,1.0
